,Genre,Movie ID,Movie URL
0,action,tt4919268,https://www.imdb.com/title/tt4919268/?ref_=sr_t_1
1,action,tt12037194,https://www.imdb.com/title/tt12037194/?ref_=sr_t_2
2,action,tt13964390,https://www.imdb.com/title/tt13964390/?ref_=sr_t_3
3,action,tt1684562,https://www.imdb.com/title/tt1684562/?ref_=sr_t_4
4,action,tt23289160,https://www.imdb.com/title/tt23289160/?ref_=sr_t_5
5,action,tt17279496,https://www.imdb.com/title/tt17279496/?ref_=sr_t_6
6,action,tt15239678,https://www.imdb.com/title/tt15239678/?ref_=sr_t_7
7,action,tt11389872,https://www.imdb.com/title/tt11389872/?ref_=sr_t_8
8,action,tt6263850,https://www.imdb.com/title/tt6263850/?ref_=sr_t_9
9,action,tt1392190,https://www.imdb.com/title/tt1392190/?ref_=sr_t_10
10,action,tt5177120,https://www.imdb.com/title/tt5177120/?ref_=sr_t_11
11,action,tt14856980,https://www.imdb.com/title/tt14856980/?ref_=sr_t_12
12,action,tt14539740,https://www.imdb.com/title/tt14539740/?ref_=sr_t_13
13,action,tt1502397,https://www.imdb.com/title/tt1502397/?ref_=sr_t_14
14,action,tt0112442,https://www.imdb.com/title/tt0112442/?ref_=sr_t_15
15,action,tt16366836,https://www.imdb.com/title/tt16366836/?ref_=sr_t_16
16,action,tt1160419,https://www.imdb.com/title/tt1160419/?ref_=sr_t_17
17,action,tt10545296,https://www.imdb.com/title/tt10545296/?ref_=sr_t_18
18,action,tt19637052,https://www.imdb.com/title/tt19637052/?ref_=sr_t_19
19,action,tt27470893,https://www.imdb.com/title/tt27470893/?ref_=sr_t_20
20,action,tt1745960,https://www.imdb.com/title/tt1745960/?ref_=sr_t_21
21,action,tt3359350,https://www.imdb.com/title/tt3359350/?ref_=sr_t_22
22,action,tt12584954,https://www.imdb.com/title/tt12584954/?ref_=sr_t_23
23,action,tt11057302,https://www.imdb.com/title/tt11057302/?ref_=sr_t_24
24,action,tt14824600,https://www.imdb.com/title/tt14824600/?ref_=sr_t_25
25,action,tt0172156,https://www.imdb.com/title/tt0172156/?ref_=sr_t_26
26,action,tt18072316,https://www.imdb.com/title/tt18072316/?ref_=sr_t_27
27,action,tt13923084,https://www.imdb.com/title/tt13923084/?ref_=sr_t_28
28,action,tt12593682,https://www.imdb.com/title/tt12593682/?ref_=sr_t_29
29,action,tt15314262,https://www.imdb.com/title/tt15314262/?ref_=sr_t_30
30,action,tt0120737,https://www.imdb.com/title/tt0120737/?ref_=sr_t_31
31,action,tt9214772,https://www.imdb.com/title/tt9214772/?ref_=sr_t_32
32,action,tt32094375,https://www.imdb.com/title/tt32094375/?ref_=sr_t_33
33,action,tt0079501,https://www.imdb.com/title/tt0079501/?ref_=sr_t_34
34,action,tt0117998,https://www.imdb.com/title/tt0117998/?ref_=sr_t_35
35,action,tt1392170,https://www.imdb.com/title/tt1392170/?ref_=sr_t_36
36,action,tt8367814,https://www.imdb.com/title/tt8367814/?ref_=sr_t_37
37,action,tt9218128,https://www.imdb.com/title/tt9218128/?ref_=sr_t_38
38,action,tt15009428,https://www.imdb.com/title/tt15009428/?ref_=sr_t_39
39,action,tt0468569,https://www.imdb.com/title/tt0468569/?ref_=sr_t_40
40,action,tt32308418,https://www.imdb.com/title/tt32308418/?ref_=sr_t_41
41,action,tt0110413,https://www.imdb.com/title/tt0110413/?ref_=sr_t_42
42,action,tt1340094,https://www.imdb.com/title/tt1340094/?ref_=sr_t_43
43,action,tt0071517,https://www.imdb.com/title/tt0071517/?ref_=sr_t_44
44,action,tt1877830,https://www.imdb.com/title/tt1877830/?ref_=sr_t_45
45,action,tt0082694,https://www.imdb.com/title/tt0082694/?ref_=sr_t_46
46,action,tt0056197,https://www.imdb.com/title/tt0056197/?ref_=sr_t_47
47,action,tt0266697,https://www.imdb.com/title/tt0266697/?ref_=sr_t_48
48,action,tt0087182,https://www.imdb.com/title/tt0087182/?ref_=sr_t_49
49,action,tt21692408,https://www.imdb.com/title/tt21692408/?ref_=sr_t_50
50,adventure,tt4919268,https://www.imdb.com/title/tt4919268/?ref_=sr_t_1
51,adventure,tt22022452,https://www.imdb.com/title/tt22022452/?ref_=sr_t_2
52,adventure,tt12037194,https://www.imdb.com/title/tt12037194/?ref_=sr_t_3
53,adventure,tt23289160,https://www.imdb.com/title/tt23289160/?ref_=sr_t_4
54,adventure,tt17279496,https://www.imdb.com/title/tt17279496/?ref_=sr_t_5
55,adventure,tt2096673,https://www.imdb.com/title/tt2096673/?ref_=sr_t_6
56,adventure,tt15239678,https://www.imdb.com/title/tt15239678/?ref_=sr_t_7
57,adventure,tt11389872,https://www.imdb.com/title/tt11389872/?ref_=sr_t_8
58,adventure,tt1392190,https://www.imdb.com/title/tt1392190/?ref_=sr_t_9
59,adventure,tt14856980,https://www.imdb.com/title/tt14856980/?ref_=sr_t_10
60,adventure,tt14539740,https://www.imdb.com/title/tt14539740/?ref_=sr_t_11
61,adventure,tt5779228,https://www.imdb.com/title/tt5779228/?ref_=sr_t_12
62,adventure,tt5822536,https://www.imdb.com/title/tt5822536/?ref_=sr_t_13
63,adventure,tt16366836,https://www.imdb.com/title/tt16366836/?ref_=sr_t_14
64,adventure,tt1160419,https://www.imdb.com/title/tt1160419/?ref_=sr_t_15
65,adventure,tt10545296,https://www.imdb.com/title/tt10545296/?ref_=sr_t_16
66,adventure,tt19637052,https://www.imdb.com/title/tt19637052/?ref_=sr_t_17
67,adventure,tt12584954,https://www.imdb.com/title/tt12584954/?ref_=sr_t_18
68,adventure,tt11057302,https://www.imdb.com/title/tt11057302/?ref_=sr_t_19
69,adventure,tt14824600,https://www.imdb.com/title/tt14824600/?ref_=sr_t_20
70,adventure,tt0120655,https://www.imdb.com/title/tt0120655/?ref_=sr_t_21
71,adventure,tt7510222,https://www.imdb.com/title/tt7510222/?ref_=sr_t_22
72,adventure,tt21235248,https://www.imdb.com/title/tt21235248/?ref_=sr_t_23
73,adventure,tt0120737,https://www.imdb.com/title/tt0120737/?ref_=sr_t_24
74,adventure,tt0816692,https://www.imdb.com/title/tt0816692/?ref_=sr_t_25
75,adventure,tt1517268,https://www.imdb.com/title/tt1517268/?ref_=sr_t_26
76,adventure,tt0079501,https://www.imdb.com/title/tt0079501/?ref_=sr_t_27
77,adventure,tt0117998,https://www.imdb.com/title/tt0117998/?ref_=sr_t_28
78,adventure,tt1392170,https://www.imdb.com/title/tt1392170/?ref_=sr_t_29
79,adventure,tt9218128,https://www.imdb.com/title/tt9218128/?ref_=sr_t_30
80,adventure,tt0241527,https://www.imdb.com/title/tt0241527/?ref_=sr_t_31
81,adventure,tt0082694,https://www.imdb.com/title/tt0082694/?ref_=sr_t_32
82,adventure,tt0087182,https://www.imdb.com/title/tt0087182/?ref_=sr_t_33
83,adventure,tt21692408,https://www.imdb.com/title/tt21692408/?ref_=sr_t_34
84,adventure,tt1375666,https://www.imdb.com/title/tt1375666/?ref_=sr_t_35
85,adventure,tt9603212,https://www.imdb.com/title/tt9603212/?ref_=sr_t_36
86,adventure,tt0172495,https://www.imdb.com/title/tt0172495/?ref_=sr_t_37
87,adventure,tt4978420,https://www.imdb.com/title/tt4978420/?ref_=sr_t_38
88,adventure,tt13622970,https://www.imdb.com/title/tt13622970/?ref_=sr_t_39
89,adventure,tt9224104,https://www.imdb.com/title/tt9224104/?ref_=sr_t_40
90,adventure,tt3450958,https://www.imdb.com/title/tt3450958/?ref_=sr_t_41
91,adventure,tt0167260,https://www.imdb.com/title/tt0167260/?ref_=sr_t_42
92,adventure,tt0107290,https://www.imdb.com/title/tt0107290/?ref_=sr_t_43
93,adventure,tt6166392,https://www.imdb.com/title/tt6166392/?ref_=sr_t_44
94,adventure,tt0387808,https://www.imdb.com/title/tt0387808/?ref_=sr_t_45
95,adventure,tt0088763,https://www.imdb.com/title/tt0088763/?ref_=sr_t_46
96,adventure,tt14998742,https://www.imdb.com/title/tt14998742/?ref_=sr_t_47
97,adventure,tt10720352,https://www.imdb.com/title/tt10720352/?ref_=sr_t_48
98,adventure,tt9471678,https://www.imdb.com/title/tt9471678/?ref_=sr_t_49
99,adventure,tt9362722,https://www.imdb.com/title/tt9362722/?ref_=sr_t_50
100,animation,tt22022452,https://www.imdb.com/title/tt22022452/?ref_=sr_t_1
101,animation,tt2096673,https://www.imdb.com/title/tt2096673/?ref_=sr_t_2
102,animation,tt11152168,https://www.imdb.com/title/tt11152168/?ref_=sr_t_3
103,animation,tt5779228,https://www.imdb.com/title/tt5779228/?ref_=sr_t_4
104,animation,tt14824600,https://www.imdb.com/title/tt14824600/?ref_=sr_t_5
105,animation,tt7510222,https://www.imdb.com/title/tt7510222/?ref_=sr_t_6
106,animation,tt21692408,https://www.imdb.com/title/tt21692408/?ref_=sr_t_7
107,animation,tt13622970,https://www.imdb.com/title/tt13622970/?ref_=sr_t_8
108,animation,tt9471678,https://www.imdb.com/title/tt9471678/?ref_=sr_t_9
109,animation,tt9362722,https://www.imdb.com/title/tt9362722/?ref_=sr_t_10
110,animation,tt11304740,https://www.imdb.com/title/tt11304740/?ref_=sr_t_11
111,animation,tt0317219,https://www.imdb.com/title/tt0317219/?ref_=sr_t_12
112,animation,tt0110357,https://www.imdb.com/title/tt0110357/?ref_=sr_t_13
113,animation,tt3521164,https://www.imdb.com/title/tt3521164/?ref_=sr_t_14
114,animation,tt6718170,https://www.imdb.com/title/tt6718170/?ref_=sr_t_15
115,animation,tt0245429,https://www.imdb.com/title/tt0245429/?ref_=sr_t_16
116,animation,tt29623480,https://www.imdb.com/title/tt29623480/?ref_=sr_t_17
117,animation,tt8864596,https://www.imdb.com/title/tt8864596/?ref_=sr_t_18
118,animation,tt0382932,https://www.imdb.com/title/tt0382932/?ref_=sr_t_19
119,animation,tt6495056,https://www.imdb.com/title/tt6495056/?ref_=sr_t_20
120,animation,tt10442352,https://www.imdb.com/title/tt10442352/?ref_=sr_t_21
121,animation,tt1490017,https://www.imdb.com/title/tt1490017/?ref_=sr_t_22
122,animation,tt15789038,https://www.imdb.com/title/tt15789038/?ref_=sr_t_23
123,animation,tt2380307,https://www.imdb.com/title/tt2380307/?ref_=sr_t_24
124,animation,tt6467266,https://www.imdb.com/title/tt6467266/?ref_=sr_t_25
125,animation,tt2224026,https://www.imdb.com/title/tt2224026/?ref_=sr_t_26
126,animation,tt0114709,https://www.imdb.com/title/tt0114709/?ref_=sr_t_27
127,animation,tt14362112,https://www.imdb.com/title/tt14362112/?ref_=sr_t_28
128,animation,tt0126029,https://www.imdb.com/title/tt0126029/?ref_=sr_t_29
129,animation,tt8589698,https://www.imdb.com/title/tt8589698/?ref_=sr_t_30
130,animation,tt0317705,https://www.imdb.com/title/tt0317705/?ref_=sr_t_31
131,animation,tt0910970,https://www.imdb.com/title/tt0910970/?ref_=sr_t_32
132,animation,tt2953050,https://www.imdb.com/title/tt2953050/?ref_=sr_t_33
133,animation,tt0398286,https://www.imdb.com/title/tt0398286/?ref_=sr_t_34
134,animation,tt6587046,https://www.imdb.com/title/tt6587046/?ref_=sr_t_35
135,animation,tt0266543,https://www.imdb.com/title/tt0266543/?ref_=sr_t_36
136,animation,tt4633694,https://www.imdb.com/title/tt4633694/?ref_=sr_t_37
137,animation,tt2948356,https://www.imdb.com/title/tt2948356/?ref_=sr_t_38
138,animation,tt1049413,https://www.imdb.com/title/tt1049413/?ref_=sr_t_39
139,animation,tt2294629,https://www.imdb.com/title/tt2294629/?ref_=sr_t_40
140,animation,tt30476486,https://www.imdb.com/title/tt30476486/?ref_=sr_t_41
141,animation,tt1323594,https://www.imdb.com/title/tt1323594/?ref_=sr_t_42
142,animation,tt0347149,https://www.imdb.com/title/tt0347149/?ref_=sr_t_43
143,animation,tt17163970,https://www.imdb.com/title/tt17163970/?ref_=sr_t_44
144,animation,tt6105098,https://www.imdb.com/title/tt6105098/?ref_=sr_t_45
145,animation,tt0780521,https://www.imdb.com/title/tt0780521/?ref_=sr_t_46
146,animation,tt5311514,https://www.imdb.com/title/tt5311514/?ref_=sr_t_47
147,animation,tt13429870,https://www.imdb.com/title/tt13429870/?ref_=sr_t_48
148,animation,tt0119282,https://www.imdb.com/title/tt0119282/?ref_=sr_t_49
149,animation,tt0198781,https://www.imdb.com/title/tt0198781/?ref_=sr_t_50
150,biography,tt15398776,https://www.imdb.com/title/tt15398776/?ref_=sr_t_1
151,biography,tt21064584,https://www.imdb.com/title/tt21064584/?ref_=sr_t_2
152,biography,tt27470893,https://www.imdb.com/title/tt27470893/?ref_=sr_t_3
153,biography,tt1856080,https://www.imdb.com/title/tt1856080/?ref_=sr_t_4
154,biography,tt14914430,https://www.imdb.com/title/tt14914430/?ref_=sr_t_5
155,biography,tt21261712,https://www.imdb.com/title/tt21261712/?ref_=sr_t_6
156,biography,tt0993846,https://www.imdb.com/title/tt0993846/?ref_=sr_t_7
157,biography,tt0097937,https://www.imdb.com/title/tt0097937/?ref_=sr_t_8
158,biography,tt3758542,https://www.imdb.com/title/tt3758542/?ref_=sr_t_9
159,biography,tt17076046,https://www.imdb.com/title/tt17076046/?ref_=sr_t_10
160,biography,tt0108052,https://www.imdb.com/title/tt0108052/?ref_=sr_t_11
161,biography,tt23849204,https://www.imdb.com/title/tt23849204/?ref_=sr_t_12
162,biography,tt0099685,https://www.imdb.com/title/tt0099685/?ref_=sr_t_13
163,biography,tt1950186,https://www.imdb.com/title/tt1950186/?ref_=sr_t_14
164,biography,tt1485796,https://www.imdb.com/title/tt1485796/?ref_=sr_t_15
165,biography,tt6966692,https://www.imdb.com/title/tt6966692/?ref_=sr_t_16
166,biography,tt10869778,https://www.imdb.com/title/tt10869778/?ref_=sr_t_17
167,biography,tt7598076,https://www.imdb.com/title/tt7598076/?ref_=sr_t_18
168,biography,tt13287846,https://www.imdb.com/title/tt13287846/?ref_=sr_t_19
169,biography,tt1596363,https://www.imdb.com/title/tt1596363/?ref_=sr_t_20
170,biography,tt13957560,https://www.imdb.com/title/tt13957560/?ref_=sr_t_21
171,biography,tt0108358,https://www.imdb.com/title/tt0108358/?ref_=sr_t_22
172,biography,tt8368368,https://www.imdb.com/title/tt8368368/?ref_=sr_t_23
173,biography,tt5177114,https://www.imdb.com/title/tt5177114/?ref_=sr_t_24
174,biography,tt16227342,https://www.imdb.com/title/tt16227342/?ref_=sr_t_25
175,biography,tt2119532,https://www.imdb.com/title/tt2119532/?ref_=sr_t_26
176,biography,tt2461150,https://www.imdb.com/title/tt2461150/?ref_=sr_t_27
177,biography,tt13097932,https://www.imdb.com/title/tt13097932/?ref_=sr_t_28
178,biography,tt20561198,https://www.imdb.com/title/tt20561198/?ref_=sr_t_29
179,biography,tt0086879,https://www.imdb.com/title/tt0086879/?ref_=sr_t_30
180,biography,tt4846340,https://www.imdb.com/title/tt4846340/?ref_=sr_t_31
181,biography,tt0112573,https://www.imdb.com/title/tt0112573/?ref_=sr_t_32
182,biography,tt8521778,https://www.imdb.com/title/tt8521778/?ref_=sr_t_33
183,biography,tt11378946,https://www.imdb.com/title/tt11378946/?ref_=sr_t_34
184,biography,tt22041854,https://www.imdb.com/title/tt22041854/?ref_=sr_t_35
185,biography,tt7599146,https://www.imdb.com/title/tt7599146/?ref_=sr_t_36
186,biography,tt0268978,https://www.imdb.com/title/tt0268978/?ref_=sr_t_37
187,biography,tt0253474,https://www.imdb.com/title/tt0253474/?ref_=sr_t_38
188,biography,tt0264464,https://www.imdb.com/title/tt0264464/?ref_=sr_t_39
189,biography,tt3704428,https://www.imdb.com/title/tt3704428/?ref_=sr_t_40
190,biography,tt2084970,https://www.imdb.com/title/tt2084970/?ref_=sr_t_41
191,biography,tt16277242,https://www.imdb.com/title/tt16277242/?ref_=sr_t_42
192,biography,tt14351082,https://www.imdb.com/title/tt14351082/?ref_=sr_t_43
193,biography,tt3569230,https://www.imdb.com/title/tt3569230/?ref_=sr_t_44
194,biography,tt1285016,https://www.imdb.com/title/tt1285016/?ref_=sr_t_45
195,biography,tt9071322,https://www.imdb.com/title/tt9071322/?ref_=sr_t_46
196,biography,tt1152836,https://www.imdb.com/title/tt1152836/?ref_=sr_t_47
197,biography,tt0059742,https://www.imdb.com/title/tt0059742/?ref_=sr_t_48
198,biography,tt1302006,https://www.imdb.com/title/tt1302006/?ref_=sr_t_49
199,biography,tt1979320,https://www.imdb.com/title/tt1979320/?ref_=sr_t_50
200,comedy,tt20215968,https://www.imdb.com/title/tt20215968/?ref_=sr_t_1
201,comedy,tt4919268,https://www.imdb.com/title/tt4919268/?ref_=sr_t_2
202,comedy,tt22022452,https://www.imdb.com/title/tt22022452/?ref_=sr_t_3
203,comedy,tt1684562,https://www.imdb.com/title/tt1684562/?ref_=sr_t_4
204,comedy,tt2096673,https://www.imdb.com/title/tt2096673/?ref_=sr_t_5
205,comedy,tt27995594,https://www.imdb.com/title/tt27995594/?ref_=sr_t_6
206,comedy,tt6263850,https://www.imdb.com/title/tt6263850/?ref_=sr_t_7
207,comedy,tt26047818,https://www.imdb.com/title/tt26047818/?ref_=sr_t_8
208,comedy,tt11152168,https://www.imdb.com/title/tt11152168/?ref_=sr_t_9
209,comedy,tt11225626,https://www.imdb.com/title/tt11225626/?ref_=sr_t_10
210,comedy,tt22408160,https://www.imdb.com/title/tt22408160/?ref_=sr_t_11
211,comedy,tt1502397,https://www.imdb.com/title/tt1502397/?ref_=sr_t_12
212,comedy,tt0112442,https://www.imdb.com/title/tt0112442/?ref_=sr_t_13
213,comedy,tt5779228,https://www.imdb.com/title/tt5779228/?ref_=sr_t_14
214,comedy,tt5822536,https://www.imdb.com/title/tt5822536/?ref_=sr_t_15
215,comedy,tt9466114,https://www.imdb.com/title/tt9466114/?ref_=sr_t_16
216,comedy,tt14230458,https://www.imdb.com/title/tt14230458/?ref_=sr_t_17
217,comedy,tt21469794,https://www.imdb.com/title/tt21469794/?ref_=sr_t_18
218,comedy,tt0120791,https://www.imdb.com/title/tt0120791/?ref_=sr_t_19
219,comedy,tt0172156,https://www.imdb.com/title/tt0172156/?ref_=sr_t_20
220,comedy,tt12593682,https://www.imdb.com/title/tt12593682/?ref_=sr_t_21
221,comedy,tt0120655,https://www.imdb.com/title/tt0120655/?ref_=sr_t_22
222,comedy,tt7510222,https://www.imdb.com/title/tt7510222/?ref_=sr_t_23
223,comedy,tt0799934,https://www.imdb.com/title/tt0799934/?ref_=sr_t_24
224,comedy,tt21235248,https://www.imdb.com/title/tt21235248/?ref_=sr_t_25
225,comedy,tt32094375,https://www.imdb.com/title/tt32094375/?ref_=sr_t_26
226,comedy,tt7131622,https://www.imdb.com/title/tt7131622/?ref_=sr_t_27
227,comedy,tt14914430,https://www.imdb.com/title/tt14914430/?ref_=sr_t_28
228,comedy,tt0094721,https://www.imdb.com/title/tt0094721/?ref_=sr_t_29
229,comedy,tt1517268,https://www.imdb.com/title/tt1517268/?ref_=sr_t_30
230,comedy,tt2049403,https://www.imdb.com/title/tt2049403/?ref_=sr_t_31
231,comedy,tt2937696,https://www.imdb.com/title/tt2937696/?ref_=sr_t_32
232,comedy,tt26926267,https://www.imdb.com/title/tt26926267/?ref_=sr_t_33
233,comedy,tt11762114,https://www.imdb.com/title/tt11762114/?ref_=sr_t_34
234,comedy,tt15009428,https://www.imdb.com/title/tt15009428/?ref_=sr_t_35
235,comedy,tt0248845,https://www.imdb.com/title/tt0248845/?ref_=sr_t_36
236,comedy,tt0088847,https://www.imdb.com/title/tt0088847/?ref_=sr_t_37
237,comedy,tt0993846,https://www.imdb.com/title/tt0993846/?ref_=sr_t_38
238,comedy,tt21626284,https://www.imdb.com/title/tt21626284/?ref_=sr_t_39
239,comedy,tt21692408,https://www.imdb.com/title/tt21692408/?ref_=sr_t_40
240,comedy,tt0079522,https://www.imdb.com/title/tt0079522/?ref_=sr_t_41
241,comedy,tt28607951,https://www.imdb.com/title/tt28607951/?ref_=sr_t_42
242,comedy,tt23561236,https://www.imdb.com/title/tt23561236/?ref_=sr_t_43
243,comedy,tt4978420,https://www.imdb.com/title/tt4978420/?ref_=sr_t_44
244,comedy,tt13622970,https://www.imdb.com/title/tt13622970/?ref_=sr_t_45
245,comedy,tt1431045,https://www.imdb.com/title/tt1431045/?ref_=sr_t_46
246,comedy,tt7040874,https://www.imdb.com/title/tt7040874/?ref_=sr_t_47
247,comedy,tt17076046,https://www.imdb.com/title/tt17076046/?ref_=sr_t_48
248,comedy,tt3104988,https://www.imdb.com/title/tt3104988/?ref_=sr_t_49
249,comedy,tt6166392,https://www.imdb.com/title/tt6166392/?ref_=sr_t_50
250,crime,tt20215968,https://www.imdb.com/title/tt20215968/?ref_=sr_t_1
251,crime,tt4919268,https://www.imdb.com/title/tt4919268/?ref_=sr_t_2
252,crime,tt21454134,https://www.imdb.com/title/tt21454134/?ref_=sr_t_3
253,crime,tt1502397,https://www.imdb.com/title/tt1502397/?ref_=sr_t_4
254,crime,tt22048412,https://www.imdb.com/title/tt22048412/?ref_=sr_t_5
255,crime,tt0112442,https://www.imdb.com/title/tt0112442/?ref_=sr_t_6
256,crime,tt19637052,https://www.imdb.com/title/tt19637052/?ref_=sr_t_7
257,crime,tt0172156,https://www.imdb.com/title/tt0172156/?ref_=sr_t_8
258,crime,tt13923084,https://www.imdb.com/title/tt13923084/?ref_=sr_t_9
259,crime,tt23468450,https://www.imdb.com/title/tt23468450/?ref_=sr_t_10
260,crime,tt15314262,https://www.imdb.com/title/tt15314262/?ref_=sr_t_11
261,crime,tt27578157,https://www.imdb.com/title/tt27578157/?ref_=sr_t_12
262,crime,tt9214772,https://www.imdb.com/title/tt9214772/?ref_=sr_t_13
263,crime,tt0068646,https://www.imdb.com/title/tt0068646/?ref_=sr_t_14
264,crime,tt0120689,https://www.imdb.com/title/tt0120689/?ref_=sr_t_15
265,crime,tt0110912,https://www.imdb.com/title/tt0110912/?ref_=sr_t_16
266,crime,tt8367814,https://www.imdb.com/title/tt8367814/?ref_=sr_t_17
267,crime,tt0468569,https://www.imdb.com/title/tt0468569/?ref_=sr_t_18
268,crime,tt32308418,https://www.imdb.com/title/tt32308418/?ref_=sr_t_19
269,crime,tt0110413,https://www.imdb.com/title/tt0110413/?ref_=sr_t_20
270,crime,tt1340094,https://www.imdb.com/title/tt1340094/?ref_=sr_t_21
271,crime,tt0071517,https://www.imdb.com/title/tt0071517/?ref_=sr_t_22
272,crime,tt0993846,https://www.imdb.com/title/tt0993846/?ref_=sr_t_23
273,crime,tt1877830,https://www.imdb.com/title/tt1877830/?ref_=sr_t_24
274,crime,tt0266697,https://www.imdb.com/title/tt0266697/?ref_=sr_t_25
275,crime,tt17009710,https://www.imdb.com/title/tt17009710/?ref_=sr_t_26
276,crime,tt5537002,https://www.imdb.com/title/tt5537002/?ref_=sr_t_27
277,crime,tt7040874,https://www.imdb.com/title/tt7040874/?ref_=sr_t_28
278,crime,tt17076046,https://www.imdb.com/title/tt17076046/?ref_=sr_t_29
279,crime,tt0114369,https://www.imdb.com/title/tt0114369/?ref_=sr_t_30
280,crime,tt0477348,https://www.imdb.com/title/tt0477348/?ref_=sr_t_31
281,crime,tt1872194,https://www.imdb.com/title/tt1872194/?ref_=sr_t_32
282,crime,tt0086066,https://www.imdb.com/title/tt0086066/?ref_=sr_t_33
283,crime,tt0144084,https://www.imdb.com/title/tt0144084/?ref_=sr_t_34
284,crime,tt24169886,https://www.imdb.com/title/tt24169886/?ref_=sr_t_35
285,crime,tt11674730,https://www.imdb.com/title/tt11674730/?ref_=sr_t_36
286,crime,tt13274016,https://www.imdb.com/title/tt13274016/?ref_=sr_t_37
287,crime,tt15782690,https://www.imdb.com/title/tt15782690/?ref_=sr_t_38
288,crime,tt0094291,https://www.imdb.com/title/tt0094291/?ref_=sr_t_39
289,crime,tt14364480,https://www.imdb.com/title/tt14364480/?ref_=sr_t_40
290,crime,tt3083016,https://www.imdb.com/title/tt3083016/?ref_=sr_t_41
291,crime,tt0099685,https://www.imdb.com/title/tt0099685/?ref_=sr_t_42
292,crime,tt0102926,https://www.imdb.com/title/tt0102926/?ref_=sr_t_43
293,crime,tt10366206,https://www.imdb.com/title/tt10366206/?ref_=sr_t_44
294,crime,tt8946378,https://www.imdb.com/title/tt8946378/?ref_=sr_t_45
295,crime,tt0398165,https://www.imdb.com/title/tt0398165/?ref_=sr_t_46
296,crime,tt11564570,https://www.imdb.com/title/tt11564570/?ref_=sr_t_47
297,crime,tt0430105,https://www.imdb.com/title/tt0430105/?ref_=sr_t_48
298,crime,tt0407887,https://www.imdb.com/title/tt0407887/?ref_=sr_t_49
299,crime,tt20234774,https://www.imdb.com/title/tt20234774/?ref_=sr_t_50
300,drama,tt22022452,https://www.imdb.com/title/tt22022452/?ref_=sr_t_1
301,drama,tt13964390,https://www.imdb.com/title/tt13964390/?ref_=sr_t_2
302,drama,tt1684562,https://www.imdb.com/title/tt1684562/?ref_=sr_t_3
303,drama,tt23289160,https://www.imdb.com/title/tt23289160/?ref_=sr_t_4
304,drama,tt2096673,https://www.imdb.com/title/tt2096673/?ref_=sr_t_5
305,drama,tt15239678,https://www.imdb.com/title/tt15239678/?ref_=sr_t_6
306,drama,tt11389872,https://www.imdb.com/title/tt11389872/?ref_=sr_t_7
307,drama,tt16426418,https://www.imdb.com/title/tt16426418/?ref_=sr_t_8
308,drama,tt21454134,https://www.imdb.com/title/tt21454134/?ref_=sr_t_9
309,drama,tt11152168,https://www.imdb.com/title/tt11152168/?ref_=sr_t_10
310,drama,tt11225626,https://www.imdb.com/title/tt11225626/?ref_=sr_t_11
311,drama,tt22408160,https://www.imdb.com/title/tt22408160/?ref_=sr_t_12
312,drama,tt5177120,https://www.imdb.com/title/tt5177120/?ref_=sr_t_13
313,drama,tt14856980,https://www.imdb.com/title/tt14856980/?ref_=sr_t_14
314,drama,tt17505010,https://www.imdb.com/title/tt17505010/?ref_=sr_t_15
315,drama,tt15574270,https://www.imdb.com/title/tt15574270/?ref_=sr_t_16
316,drama,tt9466114,https://www.imdb.com/title/tt9466114/?ref_=sr_t_17
317,drama,tt15398776,https://www.imdb.com/title/tt15398776/?ref_=sr_t_18
318,drama,tt2543472,https://www.imdb.com/title/tt2543472/?ref_=sr_t_19
319,drama,tt1160419,https://www.imdb.com/title/tt1160419/?ref_=sr_t_20
320,drama,tt14230458,https://www.imdb.com/title/tt14230458/?ref_=sr_t_21
321,drama,tt30321146,https://www.imdb.com/title/tt30321146/?ref_=sr_t_22
322,drama,tt21064584,https://www.imdb.com/title/tt21064584/?ref_=sr_t_23
323,drama,tt10545296,https://www.imdb.com/title/tt10545296/?ref_=sr_t_24
324,drama,tt0120791,https://www.imdb.com/title/tt0120791/?ref_=sr_t_25
325,drama,tt4550098,https://www.imdb.com/title/tt4550098/?ref_=sr_t_26
326,drama,tt27470893,https://www.imdb.com/title/tt27470893/?ref_=sr_t_27
327,drama,tt1745960,https://www.imdb.com/title/tt1745960/?ref_=sr_t_28
328,drama,tt13433802,https://www.imdb.com/title/tt13433802/?ref_=sr_t_29
329,drama,tt1856080,https://www.imdb.com/title/tt1856080/?ref_=sr_t_30
330,drama,tt14824600,https://www.imdb.com/title/tt14824600/?ref_=sr_t_31
331,drama,tt19224314,https://www.imdb.com/title/tt19224314/?ref_=sr_t_32
332,drama,tt0111161,https://www.imdb.com/title/tt0111161/?ref_=sr_t_33
333,drama,tt0120655,https://www.imdb.com/title/tt0120655/?ref_=sr_t_34
334,drama,tt0120737,https://www.imdb.com/title/tt0120737/?ref_=sr_t_35
335,drama,tt0816692,https://www.imdb.com/title/tt0816692/?ref_=sr_t_36
336,drama,tt27578157,https://www.imdb.com/title/tt27578157/?ref_=sr_t_37
337,drama,tt17351924,https://www.imdb.com/title/tt17351924/?ref_=sr_t_38
338,drama,tt0068646,https://www.imdb.com/title/tt0068646/?ref_=sr_t_39
339,drama,tt0090060,https://www.imdb.com/title/tt0090060/?ref_=sr_t_40
340,drama,tt0120689,https://www.imdb.com/title/tt0120689/?ref_=sr_t_41
341,drama,tt7131622,https://www.imdb.com/title/tt7131622/?ref_=sr_t_42
342,drama,tt23638614,https://www.imdb.com/title/tt23638614/?ref_=sr_t_43
343,drama,tt0110912,https://www.imdb.com/title/tt0110912/?ref_=sr_t_44
344,drama,tt0120338,https://www.imdb.com/title/tt0120338/?ref_=sr_t_45
345,drama,tt7160372,https://www.imdb.com/title/tt7160372/?ref_=sr_t_46
346,drama,tt21909764,https://www.imdb.com/title/tt21909764/?ref_=sr_t_47
347,drama,tt26926267,https://www.imdb.com/title/tt26926267/?ref_=sr_t_48
348,drama,tt0120815,https://www.imdb.com/title/tt0120815/?ref_=sr_t_49
349,drama,tt10128846,https://www.imdb.com/title/tt10128846/?ref_=sr_t_50
350,family,tt22022452,https://www.imdb.com/title/tt22022452/?ref_=sr_t_1
351,family,tt2096673,https://www.imdb.com/title/tt2096673/?ref_=sr_t_2
352,family,tt11152168,https://www.imdb.com/title/tt11152168/?ref_=sr_t_3
353,family,tt5779228,https://www.imdb.com/title/tt5779228/?ref_=sr_t_4
354,family,tt5822536,https://www.imdb.com/title/tt5822536/?ref_=sr_t_5
355,family,tt2543472,https://www.imdb.com/title/tt2543472/?ref_=sr_t_6
356,family,tt7510222,https://www.imdb.com/title/tt7510222/?ref_=sr_t_7
357,family,tt23638614,https://www.imdb.com/title/tt23638614/?ref_=sr_t_8
358,family,tt0241527,https://www.imdb.com/title/tt0241527/?ref_=sr_t_9
359,family,tt21692408,https://www.imdb.com/title/tt21692408/?ref_=sr_t_10
360,family,tt13622970,https://www.imdb.com/title/tt13622970/?ref_=sr_t_11
361,family,tt6166392,https://www.imdb.com/title/tt6166392/?ref_=sr_t_12
362,family,tt0108147,https://www.imdb.com/title/tt0108147/?ref_=sr_t_13
363,family,tt9471678,https://www.imdb.com/title/tt9471678/?ref_=sr_t_14
364,family,tt0083866,https://www.imdb.com/title/tt0083866/?ref_=sr_t_15
365,family,tt11304740,https://www.imdb.com/title/tt11304740/?ref_=sr_t_16
366,family,tt0089218,https://www.imdb.com/title/tt0089218/?ref_=sr_t_17
367,family,tt0317219,https://www.imdb.com/title/tt0317219/?ref_=sr_t_18
368,family,tt0110357,https://www.imdb.com/title/tt0110357/?ref_=sr_t_19
369,family,tt0093779,https://www.imdb.com/title/tt0093779/?ref_=sr_t_20
370,family,tt3521164,https://www.imdb.com/title/tt3521164/?ref_=sr_t_21
371,family,tt6718170,https://www.imdb.com/title/tt6718170/?ref_=sr_t_22
372,family,tt18259086,https://www.imdb.com/title/tt18259086/?ref_=sr_t_23
373,family,tt0245429,https://www.imdb.com/title/tt0245429/?ref_=sr_t_24
374,family,tt29623480,https://www.imdb.com/title/tt29623480/?ref_=sr_t_25
375,family,tt8864596,https://www.imdb.com/title/tt8864596/?ref_=sr_t_26
376,family,tt0382932,https://www.imdb.com/title/tt0382932/?ref_=sr_t_27
377,family,tt6495056,https://www.imdb.com/title/tt6495056/?ref_=sr_t_28
378,family,tt10442352,https://www.imdb.com/title/tt10442352/?ref_=sr_t_29
379,family,tt0108037,https://www.imdb.com/title/tt0108037/?ref_=sr_t_30
380,family,tt1490017,https://www.imdb.com/title/tt1490017/?ref_=sr_t_31
381,family,tt15789038,https://www.imdb.com/title/tt15789038/?ref_=sr_t_32
382,family,tt20202136,https://www.imdb.com/title/tt20202136/?ref_=sr_t_33
383,family,tt0330373,https://www.imdb.com/title/tt0330373/?ref_=sr_t_34
384,family,tt1201607,https://www.imdb.com/title/tt1201607/?ref_=sr_t_35
385,family,tt1964418,https://www.imdb.com/title/tt1964418/?ref_=sr_t_36
386,family,tt2380307,https://www.imdb.com/title/tt2380307/?ref_=sr_t_37
387,family,tt5971474,https://www.imdb.com/title/tt5971474/?ref_=sr_t_38
388,family,tt0113497,https://www.imdb.com/title/tt0113497/?ref_=sr_t_39
389,family,tt0304141,https://www.imdb.com/title/tt0304141/?ref_=sr_t_40
390,family,tt6467266,https://www.imdb.com/title/tt6467266/?ref_=sr_t_41
391,family,tt2224026,https://www.imdb.com/title/tt2224026/?ref_=sr_t_42
392,family,tt0114709,https://www.imdb.com/title/tt0114709/?ref_=sr_t_43
393,family,tt14362112,https://www.imdb.com/title/tt14362112/?ref_=sr_t_44
394,family,tt0265298,https://www.imdb.com/title/tt0265298/?ref_=sr_t_45
395,family,tt4468740,https://www.imdb.com/title/tt4468740/?ref_=sr_t_46
396,family,tt0126029,https://www.imdb.com/title/tt0126029/?ref_=sr_t_47
397,family,tt8589698,https://www.imdb.com/title/tt8589698/?ref_=sr_t_48
398,family,tt1109624,https://www.imdb.com/title/tt1109624/?ref_=sr_t_49
399,family,tt0088323,https://www.imdb.com/title/tt0088323/?ref_=sr_t_50
400,fantasy,tt22022452,https://www.imdb.com/title/tt22022452/?ref_=sr_t_1
401,fantasy,tt26736843,https://www.imdb.com/title/tt26736843/?ref_=sr_t_2
402,fantasy,tt2096673,https://www.imdb.com/title/tt2096673/?ref_=sr_t_3
403,fantasy,tt11152168,https://www.imdb.com/title/tt11152168/?ref_=sr_t_4
404,fantasy,tt14539740,https://www.imdb.com/title/tt14539740/?ref_=sr_t_5
405,fantasy,tt5779228,https://www.imdb.com/title/tt5779228/?ref_=sr_t_6
406,fantasy,tt0120791,https://www.imdb.com/title/tt0120791/?ref_=sr_t_7
407,fantasy,tt14824600,https://www.imdb.com/title/tt14824600/?ref_=sr_t_8
408,fantasy,tt19224314,https://www.imdb.com/title/tt19224314/?ref_=sr_t_9
409,fantasy,tt0120655,https://www.imdb.com/title/tt0120655/?ref_=sr_t_10
410,fantasy,tt21235248,https://www.imdb.com/title/tt21235248/?ref_=sr_t_11
411,fantasy,tt0120737,https://www.imdb.com/title/tt0120737/?ref_=sr_t_12
412,fantasy,tt0120689,https://www.imdb.com/title/tt0120689/?ref_=sr_t_13
413,fantasy,tt0094721,https://www.imdb.com/title/tt0094721/?ref_=sr_t_14
414,fantasy,tt1517268,https://www.imdb.com/title/tt1517268/?ref_=sr_t_15
415,fantasy,tt2049403,https://www.imdb.com/title/tt2049403/?ref_=sr_t_16
416,fantasy,tt1340094,https://www.imdb.com/title/tt1340094/?ref_=sr_t_17
417,fantasy,tt0241527,https://www.imdb.com/title/tt0241527/?ref_=sr_t_18
418,fantasy,tt21692408,https://www.imdb.com/title/tt21692408/?ref_=sr_t_19
419,fantasy,tt14682800,https://www.imdb.com/title/tt14682800/?ref_=sr_t_20
420,fantasy,tt13622970,https://www.imdb.com/title/tt13622970/?ref_=sr_t_21
421,fantasy,tt0167260,https://www.imdb.com/title/tt0167260/?ref_=sr_t_22
422,fantasy,tt6166392,https://www.imdb.com/title/tt6166392/?ref_=sr_t_23
423,fantasy,tt14998742,https://www.imdb.com/title/tt14998742/?ref_=sr_t_24
424,fantasy,tt9471678,https://www.imdb.com/title/tt9471678/?ref_=sr_t_25
425,fantasy,tt9362722,https://www.imdb.com/title/tt9362722/?ref_=sr_t_26
426,fantasy,tt13452446,https://www.imdb.com/title/tt13452446/?ref_=sr_t_27
427,fantasy,tt10872600,https://www.imdb.com/title/tt10872600/?ref_=sr_t_28
428,fantasy,tt5950044,https://www.imdb.com/title/tt5950044/?ref_=sr_t_29
429,fantasy,tt0087332,https://www.imdb.com/title/tt0087332/?ref_=sr_t_30
430,fantasy,tt1262426,https://www.imdb.com/title/tt1262426/?ref_=sr_t_31
431,fantasy,tt21192142,https://www.imdb.com/title/tt21192142/?ref_=sr_t_32
432,fantasy,tt1655441,https://www.imdb.com/title/tt1655441/?ref_=sr_t_33
433,fantasy,tt11304740,https://www.imdb.com/title/tt11304740/?ref_=sr_t_34
434,fantasy,tt0167261,https://www.imdb.com/title/tt0167261/?ref_=sr_t_35
435,fantasy,tt2194499,https://www.imdb.com/title/tt2194499/?ref_=sr_t_36
436,fantasy,tt1396484,https://www.imdb.com/title/tt1396484/?ref_=sr_t_37
437,fantasy,tt9663764,https://www.imdb.com/title/tt9663764/?ref_=sr_t_38
438,fantasy,tt0076759,https://www.imdb.com/title/tt0076759/?ref_=sr_t_39
439,fantasy,tt6710474,https://www.imdb.com/title/tt6710474/?ref_=sr_t_40
440,fantasy,tt0325980,https://www.imdb.com/title/tt0325980/?ref_=sr_t_41
441,fantasy,tt0120616,https://www.imdb.com/title/tt0120616/?ref_=sr_t_42
442,fantasy,tt0110357,https://www.imdb.com/title/tt0110357/?ref_=sr_t_43
443,fantasy,tt1630029,https://www.imdb.com/title/tt1630029/?ref_=sr_t_44
444,fantasy,tt0093779,https://www.imdb.com/title/tt0093779/?ref_=sr_t_45
445,fantasy,tt3521164,https://www.imdb.com/title/tt3521164/?ref_=sr_t_46
446,fantasy,tt0103874,https://www.imdb.com/title/tt0103874/?ref_=sr_t_47
447,fantasy,tt4513678,https://www.imdb.com/title/tt4513678/?ref_=sr_t_48
448,fantasy,tt21942866,https://www.imdb.com/title/tt21942866/?ref_=sr_t_49
449,fantasy,tt9032400,https://www.imdb.com/title/tt9032400/?ref_=sr_t_50
450,history,tt15398776,https://www.imdb.com/title/tt15398776/?ref_=sr_t_1
451,history,tt27470893,https://www.imdb.com/title/tt27470893/?ref_=sr_t_2
452,history,tt14914430,https://www.imdb.com/title/tt14914430/?ref_=sr_t_3
453,history,tt7160372,https://www.imdb.com/title/tt7160372/?ref_=sr_t_4
454,history,tt15000156,https://www.imdb.com/title/tt15000156/?ref_=sr_t_5
455,history,tt0056197,https://www.imdb.com/title/tt0056197/?ref_=sr_t_6
456,history,tt5537002,https://www.imdb.com/title/tt5537002/?ref_=sr_t_7
457,history,tt3758542,https://www.imdb.com/title/tt3758542/?ref_=sr_t_8
458,history,tt8579674,https://www.imdb.com/title/tt8579674/?ref_=sr_t_9
459,history,tt0108052,https://www.imdb.com/title/tt0108052/?ref_=sr_t_10
460,history,tt13321244,https://www.imdb.com/title/tt13321244/?ref_=sr_t_11
461,history,tt20234774,https://www.imdb.com/title/tt20234774/?ref_=sr_t_12
462,history,tt0320661,https://www.imdb.com/title/tt0320661/?ref_=sr_t_13
463,history,tt10869778,https://www.imdb.com/title/tt10869778/?ref_=sr_t_14
464,history,tt10640346,https://www.imdb.com/title/tt10640346/?ref_=sr_t_15
465,history,tt7598076,https://www.imdb.com/title/tt7598076/?ref_=sr_t_16
466,history,tt1596363,https://www.imdb.com/title/tt1596363/?ref_=sr_t_17
467,history,tt0108358,https://www.imdb.com/title/tt0108358/?ref_=sr_t_18
468,history,tt8368368,https://www.imdb.com/title/tt8368368/?ref_=sr_t_19
469,history,tt2119532,https://www.imdb.com/title/tt2119532/?ref_=sr_t_20
470,history,tt5013056,https://www.imdb.com/title/tt5013056/?ref_=sr_t_21
471,history,tt13097932,https://www.imdb.com/title/tt13097932/?ref_=sr_t_22
472,history,tt20561198,https://www.imdb.com/title/tt20561198/?ref_=sr_t_23
473,history,tt4846340,https://www.imdb.com/title/tt4846340/?ref_=sr_t_24
474,history,tt11138512,https://www.imdb.com/title/tt11138512/?ref_=sr_t_25
475,history,tt11378946,https://www.imdb.com/title/tt11378946/?ref_=sr_t_26
476,history,tt19760052,https://www.imdb.com/title/tt19760052/?ref_=sr_t_27
477,history,tt7599146,https://www.imdb.com/title/tt7599146/?ref_=sr_t_28
478,history,tt0265086,https://www.imdb.com/title/tt0265086/?ref_=sr_t_29
479,history,tt16277242,https://www.imdb.com/title/tt16277242/?ref_=sr_t_30
480,history,tt1790885,https://www.imdb.com/title/tt1790885/?ref_=sr_t_31
481,history,tt32451344,https://www.imdb.com/title/tt32451344/?ref_=sr_t_32
482,history,tt0112384,https://www.imdb.com/title/tt0112384/?ref_=sr_t_33
483,history,tt0080491,https://www.imdb.com/title/tt0080491/?ref_=sr_t_34
484,history,tt9071322,https://www.imdb.com/title/tt9071322/?ref_=sr_t_35
485,history,tt1152836,https://www.imdb.com/title/tt1152836/?ref_=sr_t_36
486,history,tt5083738,https://www.imdb.com/title/tt5083738/?ref_=sr_t_37
487,history,tt8503618,https://www.imdb.com/title/tt8503618/?ref_=sr_t_38
488,history,tt21867434,https://www.imdb.com/title/tt21867434/?ref_=sr_t_39
489,history,tt0363163,https://www.imdb.com/title/tt0363163/?ref_=sr_t_40
490,history,tt7984766,https://www.imdb.com/title/tt7984766/?ref_=sr_t_41
491,history,tt0187393,https://www.imdb.com/title/tt0187393/?ref_=sr_t_42
492,history,tt0065622,https://www.imdb.com/title/tt0065622/?ref_=sr_t_43
493,history,tt31064841,https://www.imdb.com/title/tt31064841/?ref_=sr_t_44
494,history,tt4244994,https://www.imdb.com/title/tt4244994/?ref_=sr_t_45
495,history,tt12873300,https://www.imdb.com/title/tt12873300/?ref_=sr_t_46
496,history,tt1655389,https://www.imdb.com/title/tt1655389/?ref_=sr_t_47
497,history,tt1649419,https://www.imdb.com/title/tt1649419/?ref_=sr_t_48
498,history,tt12672536,https://www.imdb.com/title/tt12672536/?ref_=sr_t_49
499,history,tt0443272,https://www.imdb.com/title/tt0443272/?ref_=sr_t_50
500,horror,tt13964390,https://www.imdb.com/title/tt13964390/?ref_=sr_t_1
501,horror,tt26736843,https://www.imdb.com/title/tt26736843/?ref_=sr_t_2
502,horror,tt23289160,https://www.imdb.com/title/tt23289160/?ref_=sr_t_3
503,horror,tt22050754,https://www.imdb.com/title/tt22050754/?ref_=sr_t_4
504,horror,tt27995594,https://www.imdb.com/title/tt27995594/?ref_=sr_t_5
505,horror,tt5672290,https://www.imdb.com/title/tt5672290/?ref_=sr_t_6
506,horror,tt22048412,https://www.imdb.com/title/tt22048412/?ref_=sr_t_7
507,horror,tt18412256,https://www.imdb.com/title/tt18412256/?ref_=sr_t_8
508,horror,tt15574270,https://www.imdb.com/title/tt15574270/?ref_=sr_t_9
509,horror,tt27489557,https://www.imdb.com/title/tt27489557/?ref_=sr_t_10
510,horror,tt30321146,https://www.imdb.com/title/tt30321146/?ref_=sr_t_11
511,horror,tt14966898,https://www.imdb.com/title/tt14966898/?ref_=sr_t_12
512,horror,tt13560574,https://www.imdb.com/title/tt13560574/?ref_=sr_t_13
513,horror,tt14088510,https://www.imdb.com/title/tt14088510/?ref_=sr_t_14
514,horror,tt13433802,https://www.imdb.com/title/tt13433802/?ref_=sr_t_15
515,horror,tt19224314,https://www.imdb.com/title/tt19224314/?ref_=sr_t_16
516,horror,tt23468450,https://www.imdb.com/title/tt23468450/?ref_=sr_t_17
517,horror,tt23330554,https://www.imdb.com/title/tt23330554/?ref_=sr_t_18
518,horror,tt2049403,https://www.imdb.com/title/tt2049403/?ref_=sr_t_19
519,horror,tt1017460,https://www.imdb.com/title/tt1017460/?ref_=sr_t_20
520,horror,tt0089175,https://www.imdb.com/title/tt0089175/?ref_=sr_t_21
521,horror,tt0482606,https://www.imdb.com/title/tt0482606/?ref_=sr_t_22
522,horror,tt23137390,https://www.imdb.com/title/tt23137390/?ref_=sr_t_23
523,horror,tt18925334,https://www.imdb.com/title/tt18925334/?ref_=sr_t_24
524,horror,tt1340094,https://www.imdb.com/title/tt1340094/?ref_=sr_t_25
525,horror,tt9224104,https://www.imdb.com/title/tt9224104/?ref_=sr_t_26
526,horror,tt4281724,https://www.imdb.com/title/tt4281724/?ref_=sr_t_27
527,horror,tt0082933,https://www.imdb.com/title/tt0082933/?ref_=sr_t_28
528,horror,tt8772262,https://www.imdb.com/title/tt8772262/?ref_=sr_t_29
529,horror,tt7784604,https://www.imdb.com/title/tt7784604/?ref_=sr_t_30
530,horror,tt0078748,https://www.imdb.com/title/tt0078748/?ref_=sr_t_31
531,horror,tt0144084,https://www.imdb.com/title/tt0144084/?ref_=sr_t_32
532,horror,tt6644200,https://www.imdb.com/title/tt6644200/?ref_=sr_t_33
533,horror,tt4589218,https://www.imdb.com/title/tt4589218/?ref_=sr_t_34
534,horror,tt11240348,https://www.imdb.com/title/tt11240348/?ref_=sr_t_35
535,horror,tt27802490,https://www.imdb.com/title/tt27802490/?ref_=sr_t_36
536,horror,tt10638522,https://www.imdb.com/title/tt10638522/?ref_=sr_t_37
537,horror,tt10403420,https://www.imdb.com/title/tt10403420/?ref_=sr_t_38
538,horror,tt5052448,https://www.imdb.com/title/tt5052448/?ref_=sr_t_39
539,horror,tt15791034,https://www.imdb.com/title/tt15791034/?ref_=sr_t_40
540,horror,tt20112746,https://www.imdb.com/title/tt20112746/?ref_=sr_t_41
541,horror,tt22939186,https://www.imdb.com/title/tt22939186/?ref_=sr_t_42
542,horror,tt8110652,https://www.imdb.com/title/tt8110652/?ref_=sr_t_43
543,horror,tt9764362,https://www.imdb.com/title/tt9764362/?ref_=sr_t_44
544,horror,tt1396484,https://www.imdb.com/title/tt1396484/?ref_=sr_t_45
545,horror,tt0054215,https://www.imdb.com/title/tt0054215/?ref_=sr_t_46
546,horror,tt0050720,https://www.imdb.com/title/tt0050720/?ref_=sr_t_47
547,horror,tt0075005,https://www.imdb.com/title/tt0075005/?ref_=sr_t_48
548,horror,tt10954984,https://www.imdb.com/title/tt10954984/?ref_=sr_t_49
549,horror,tt26753003,https://www.imdb.com/title/tt26753003/?ref_=sr_t_50
550,music,tt0248845,https://www.imdb.com/title/tt0248845/?ref_=sr_t_1
551,music,tt21261712,https://www.imdb.com/title/tt21261712/?ref_=sr_t_2
552,music,tt17076046,https://www.imdb.com/title/tt17076046/?ref_=sr_t_3
553,music,tt0108147,https://www.imdb.com/title/tt0108147/?ref_=sr_t_4
554,music,tt0087277,https://www.imdb.com/title/tt0087277/?ref_=sr_t_5
555,music,tt6966692,https://www.imdb.com/title/tt6966692/?ref_=sr_t_6
556,music,tt2582802,https://www.imdb.com/title/tt2582802/?ref_=sr_t_7
557,music,tt3890160,https://www.imdb.com/title/tt3890160/?ref_=sr_t_8
558,music,tt3783958,https://www.imdb.com/title/tt3783958/?ref_=sr_t_9
559,music,tt0086879,https://www.imdb.com/title/tt0086879/?ref_=sr_t_10
560,music,tt4614584,https://www.imdb.com/title/tt4614584/?ref_=sr_t_11
561,music,tt8521778,https://www.imdb.com/title/tt8521778/?ref_=sr_t_12
562,music,tt20202136,https://www.imdb.com/title/tt20202136/?ref_=sr_t_13
563,music,tt11378946,https://www.imdb.com/title/tt11378946/?ref_=sr_t_14
564,music,tt0249462,https://www.imdb.com/title/tt0249462/?ref_=sr_t_15
565,music,tt22041854,https://www.imdb.com/title/tt22041854/?ref_=sr_t_16
566,music,tt0411705,https://www.imdb.com/title/tt0411705/?ref_=sr_t_17
567,music,tt0298203,https://www.imdb.com/title/tt0298203/?ref_=sr_t_18
568,music,tt0253474,https://www.imdb.com/title/tt0253474/?ref_=sr_t_19
569,music,tt3704428,https://www.imdb.com/title/tt3704428/?ref_=sr_t_20
570,music,tt0332379,https://www.imdb.com/title/tt0332379/?ref_=sr_t_21
571,music,tt0181875,https://www.imdb.com/title/tt0181875/?ref_=sr_t_22
572,music,tt13429870,https://www.imdb.com/title/tt13429870/?ref_=sr_t_23
573,music,tt0200550,https://www.imdb.com/title/tt0200550/?ref_=sr_t_24
574,music,tt11563598,https://www.imdb.com/title/tt11563598/?ref_=sr_t_25
575,music,tt0105417,https://www.imdb.com/title/tt0105417/?ref_=sr_t_26
576,music,tt1981677,https://www.imdb.com/title/tt1981677/?ref_=sr_t_27
577,music,tt1727824,https://www.imdb.com/title/tt1727824/?ref_=sr_t_28
578,music,tt0190590,https://www.imdb.com/title/tt0190590/?ref_=sr_t_29
579,music,tt8079248,https://www.imdb.com/title/tt8079248/?ref_=sr_t_30
580,music,tt31064841,https://www.imdb.com/title/tt31064841/?ref_=sr_t_31
581,music,tt2066051,https://www.imdb.com/title/tt2066051/?ref_=sr_t_32
582,music,tt0092890,https://www.imdb.com/title/tt0092890/?ref_=sr_t_33
583,music,tt2948372,https://www.imdb.com/title/tt2948372/?ref_=sr_t_34
584,music,tt0080455,https://www.imdb.com/title/tt0080455/?ref_=sr_t_35
585,music,tt10366460,https://www.imdb.com/title/tt10366460/?ref_=sr_t_36
586,music,tt0120855,https://www.imdb.com/title/tt0120855/?ref_=sr_t_37
587,music,tt1517451,https://www.imdb.com/title/tt1517451/?ref_=sr_t_38
588,music,tt30215084,https://www.imdb.com/title/tt30215084/?ref_=sr_t_39
589,music,tt8097030,https://www.imdb.com/title/tt8097030/?ref_=sr_t_40
590,music,tt0099422,https://www.imdb.com/title/tt0099422/?ref_=sr_t_41
591,music,tt2015349,https://www.imdb.com/title/tt2015349/?ref_=sr_t_42
592,music,tt0053291,https://www.imdb.com/title/tt0053291/?ref_=sr_t_43
593,music,tt29402528,https://www.imdb.com/title/tt29402528/?ref_=sr_t_44
594,music,tt0112950,https://www.imdb.com/title/tt0112950/?ref_=sr_t_45
595,music,tt0105793,https://www.imdb.com/title/tt0105793/?ref_=sr_t_46
596,music,tt0088286,https://www.imdb.com/title/tt0088286/?ref_=sr_t_47
597,music,tt32260498,https://www.imdb.com/title/tt32260498/?ref_=sr_t_48
598,music,tt3447590,https://www.imdb.com/title/tt3447590/?ref_=sr_t_49
599,music,tt0462590,https://www.imdb.com/title/tt0462590/?ref_=sr_t_50
600,romance,tt20215968,https://www.imdb.com/title/tt20215968/?ref_=sr_t_1
601,romance,tt16426418,https://www.imdb.com/title/tt16426418/?ref_=sr_t_2
602,romance,tt26047818,https://www.imdb.com/title/tt26047818/?ref_=sr_t_3
603,romance,tt11225626,https://www.imdb.com/title/tt11225626/?ref_=sr_t_4
604,romance,tt9466114,https://www.imdb.com/title/tt9466114/?ref_=sr_t_5
605,romance,tt14230458,https://www.imdb.com/title/tt14230458/?ref_=sr_t_6
606,romance,tt19637052,https://www.imdb.com/title/tt19637052/?ref_=sr_t_7
607,romance,tt0120791,https://www.imdb.com/title/tt0120791/?ref_=sr_t_8
608,romance,tt0090060,https://www.imdb.com/title/tt0090060/?ref_=sr_t_9
609,romance,tt0120338,https://www.imdb.com/title/tt0120338/?ref_=sr_t_10
610,romance,tt21909764,https://www.imdb.com/title/tt21909764/?ref_=sr_t_11
611,romance,tt26926267,https://www.imdb.com/title/tt26926267/?ref_=sr_t_12
612,romance,tt14407336,https://www.imdb.com/title/tt14407336/?ref_=sr_t_13
613,romance,tt1340094,https://www.imdb.com/title/tt1340094/?ref_=sr_t_14
614,romance,tt3774694,https://www.imdb.com/title/tt3774694/?ref_=sr_t_15
615,romance,tt10655524,https://www.imdb.com/title/tt10655524/?ref_=sr_t_16
616,romance,tt0414387,https://www.imdb.com/title/tt0414387/?ref_=sr_t_17
617,romance,tt0079522,https://www.imdb.com/title/tt0079522/?ref_=sr_t_18
618,romance,tt28607951,https://www.imdb.com/title/tt28607951/?ref_=sr_t_19
619,romance,tt5537002,https://www.imdb.com/title/tt5537002/?ref_=sr_t_20
620,romance,tt3104988,https://www.imdb.com/title/tt3104988/?ref_=sr_t_21
621,romance,tt0109830,https://www.imdb.com/title/tt0109830/?ref_=sr_t_22
622,romance,tt9411972,https://www.imdb.com/title/tt9411972/?ref_=sr_t_23
623,romance,tt15671028,https://www.imdb.com/title/tt15671028/?ref_=sr_t_24
624,romance,tt2322441,https://www.imdb.com/title/tt2322441/?ref_=sr_t_25
625,romance,tt0090305,https://www.imdb.com/title/tt0090305/?ref_=sr_t_26
626,romance,tt0119217,https://www.imdb.com/title/tt0119217/?ref_=sr_t_27
627,romance,tt0088128,https://www.imdb.com/title/tt0088128/?ref_=sr_t_28
628,romance,tt1262426,https://www.imdb.com/title/tt1262426/?ref_=sr_t_29
629,romance,tt1896747,https://www.imdb.com/title/tt1896747/?ref_=sr_t_30
630,romance,tt21192142,https://www.imdb.com/title/tt21192142/?ref_=sr_t_31
631,romance,tt1655441,https://www.imdb.com/title/tt1655441/?ref_=sr_t_32
632,romance,tt0087277,https://www.imdb.com/title/tt0087277/?ref_=sr_t_33
633,romance,tt0091790,https://www.imdb.com/title/tt0091790/?ref_=sr_t_34
634,romance,tt0332280,https://www.imdb.com/title/tt0332280/?ref_=sr_t_35
635,romance,tt2194499,https://www.imdb.com/title/tt2194499/?ref_=sr_t_36
636,romance,tt10886166,https://www.imdb.com/title/tt10886166/?ref_=sr_t_37
637,romance,tt0147800,https://www.imdb.com/title/tt0147800/?ref_=sr_t_38
638,romance,tt0093779,https://www.imdb.com/title/tt0093779/?ref_=sr_t_39
639,romance,tt0309987,https://www.imdb.com/title/tt0309987/?ref_=sr_t_40
640,romance,tt0103874,https://www.imdb.com/title/tt0103874/?ref_=sr_t_41
641,romance,tt11235772,https://www.imdb.com/title/tt11235772/?ref_=sr_t_42
642,romance,tt21188080,https://www.imdb.com/title/tt21188080/?ref_=sr_t_43
643,romance,tt1798709,https://www.imdb.com/title/tt1798709/?ref_=sr_t_44
644,romance,tt13238346,https://www.imdb.com/title/tt13238346/?ref_=sr_t_45
645,romance,tt3783958,https://www.imdb.com/title/tt3783958/?ref_=sr_t_46
646,romance,tt10168670,https://www.imdb.com/title/tt10168670/?ref_=sr_t_47
647,romance,tt5177114,https://www.imdb.com/title/tt5177114/?ref_=sr_t_48
648,romance,tt0388795,https://www.imdb.com/title/tt0388795/?ref_=sr_t_49
649,romance,tt0338013,https://www.imdb.com/title/tt0338013/?ref_=sr_t_50
650,mystery,tt26736843,https://www.imdb.com/title/tt26736843/?ref_=sr_t_1
651,mystery,tt5822536,https://www.imdb.com/title/tt5822536/?ref_=sr_t_2
652,mystery,tt0100404,https://www.imdb.com/title/tt0100404/?ref_=sr_t_3
653,mystery,tt13560574,https://www.imdb.com/title/tt13560574/?ref_=sr_t_4
654,mystery,tt19637052,https://www.imdb.com/title/tt19637052/?ref_=sr_t_5
655,mystery,tt19224314,https://www.imdb.com/title/tt19224314/?ref_=sr_t_6
656,mystery,tt27578157,https://www.imdb.com/title/tt27578157/?ref_=sr_t_7
657,mystery,tt0120689,https://www.imdb.com/title/tt0120689/?ref_=sr_t_8
658,mystery,tt0482606,https://www.imdb.com/title/tt0482606/?ref_=sr_t_9
659,mystery,tt0071315,https://www.imdb.com/title/tt0071315/?ref_=sr_t_10
660,mystery,tt1877830,https://www.imdb.com/title/tt1877830/?ref_=sr_t_11
661,mystery,tt5537002,https://www.imdb.com/title/tt5537002/?ref_=sr_t_12
662,mystery,tt7040874,https://www.imdb.com/title/tt7040874/?ref_=sr_t_13
663,mystery,tt0114369,https://www.imdb.com/title/tt0114369/?ref_=sr_t_14
664,mystery,tt1872194,https://www.imdb.com/title/tt1872194/?ref_=sr_t_15
665,mystery,tt1255953,https://www.imdb.com/title/tt1255953/?ref_=sr_t_16
666,mystery,tt8772262,https://www.imdb.com/title/tt8772262/?ref_=sr_t_17
667,mystery,tt7784604,https://www.imdb.com/title/tt7784604/?ref_=sr_t_18
668,mystery,tt1856101,https://www.imdb.com/title/tt1856101/?ref_=sr_t_19
669,mystery,tt9411972,https://www.imdb.com/title/tt9411972/?ref_=sr_t_20
670,mystery,tt1840309,https://www.imdb.com/title/tt1840309/?ref_=sr_t_21
671,mystery,tt12747748,https://www.imdb.com/title/tt12747748/?ref_=sr_t_22
672,mystery,tt10731256,https://www.imdb.com/title/tt10731256/?ref_=sr_t_23
673,mystery,tt24169886,https://www.imdb.com/title/tt24169886/?ref_=sr_t_24
674,mystery,tt4589218,https://www.imdb.com/title/tt4589218/?ref_=sr_t_25
675,mystery,tt27802490,https://www.imdb.com/title/tt27802490/?ref_=sr_t_26
676,mystery,tt13274016,https://www.imdb.com/title/tt13274016/?ref_=sr_t_27
677,mystery,tt0078788,https://www.imdb.com/title/tt0078788/?ref_=sr_t_28
678,mystery,tt14364480,https://www.imdb.com/title/tt14364480/?ref_=sr_t_29
679,mystery,tt8946378,https://www.imdb.com/title/tt8946378/?ref_=sr_t_30
680,mystery,tt5052448,https://www.imdb.com/title/tt5052448/?ref_=sr_t_31
681,mystery,tt15791034,https://www.imdb.com/title/tt15791034/?ref_=sr_t_32
682,mystery,tt8110652,https://www.imdb.com/title/tt8110652/?ref_=sr_t_33
683,mystery,tt0167404,https://www.imdb.com/title/tt0167404/?ref_=sr_t_34
684,mystery,tt11564570,https://www.imdb.com/title/tt11564570/?ref_=sr_t_35
685,mystery,tt0430105,https://www.imdb.com/title/tt0430105/?ref_=sr_t_36
686,mystery,tt1130884,https://www.imdb.com/title/tt1130884/?ref_=sr_t_37
687,mystery,tt0073195,https://www.imdb.com/title/tt0073195/?ref_=sr_t_38
688,mystery,tt0054215,https://www.imdb.com/title/tt0054215/?ref_=sr_t_39
689,mystery,tt2267998,https://www.imdb.com/title/tt2267998/?ref_=sr_t_40
690,mystery,tt20234774,https://www.imdb.com/title/tt20234774/?ref_=sr_t_41
691,mystery,tt0482571,https://www.imdb.com/title/tt0482571/?ref_=sr_t_42
692,mystery,tt0075005,https://www.imdb.com/title/tt0075005/?ref_=sr_t_43
693,mystery,tt10954984,https://www.imdb.com/title/tt10954984/?ref_=sr_t_44
694,mystery,tt26753003,https://www.imdb.com/title/tt26753003/?ref_=sr_t_45
695,mystery,tt1448754,https://www.imdb.com/title/tt1448754/?ref_=sr_t_46
696,mystery,tt15474916,https://www.imdb.com/title/tt15474916/?ref_=sr_t_47
697,mystery,tt11235772,https://www.imdb.com/title/tt11235772/?ref_=sr_t_48
698,mystery,tt1136617,https://www.imdb.com/title/tt1136617/?ref_=sr_t_49
699,mystery,tt0246578,https://www.imdb.com/title/tt0246578/?ref_=sr_t_50
700,thriller,tt4919268,https://www.imdb.com/title/tt4919268/?ref_=sr_t_1
701,thriller,tt12037194,https://www.imdb.com/title/tt12037194/?ref_=sr_t_2
702,thriller,tt13964390,https://www.imdb.com/title/tt13964390/?ref_=sr_t_3
703,thriller,tt26736843,https://www.imdb.com/title/tt26736843/?ref_=sr_t_4
704,thriller,tt17279496,https://www.imdb.com/title/tt17279496/?ref_=sr_t_5
705,thriller,tt11389872,https://www.imdb.com/title/tt11389872/?ref_=sr_t_6
706,thriller,tt1392190,https://www.imdb.com/title/tt1392190/?ref_=sr_t_7
707,thriller,tt14856980,https://www.imdb.com/title/tt14856980/?ref_=sr_t_8
708,thriller,tt14539740,https://www.imdb.com/title/tt14539740/?ref_=sr_t_9
709,thriller,tt1502397,https://www.imdb.com/title/tt1502397/?ref_=sr_t_10
710,thriller,tt0112442,https://www.imdb.com/title/tt0112442/?ref_=sr_t_11
711,thriller,tt16366836,https://www.imdb.com/title/tt16366836/?ref_=sr_t_12
712,thriller,tt27489557,https://www.imdb.com/title/tt27489557/?ref_=sr_t_13
713,thriller,tt0100404,https://www.imdb.com/title/tt0100404/?ref_=sr_t_14
714,thriller,tt30321146,https://www.imdb.com/title/tt30321146/?ref_=sr_t_15
715,thriller,tt10545296,https://www.imdb.com/title/tt10545296/?ref_=sr_t_16
716,thriller,tt13560574,https://www.imdb.com/title/tt13560574/?ref_=sr_t_17
717,thriller,tt19637052,https://www.imdb.com/title/tt19637052/?ref_=sr_t_18
718,thriller,tt4550098,https://www.imdb.com/title/tt4550098/?ref_=sr_t_19
719,thriller,tt3359350,https://www.imdb.com/title/tt3359350/?ref_=sr_t_20
720,thriller,tt12584954,https://www.imdb.com/title/tt12584954/?ref_=sr_t_21
721,thriller,tt13433802,https://www.imdb.com/title/tt13433802/?ref_=sr_t_22
722,thriller,tt11057302,https://www.imdb.com/title/tt11057302/?ref_=sr_t_23
723,thriller,tt0172156,https://www.imdb.com/title/tt0172156/?ref_=sr_t_24
724,thriller,tt18072316,https://www.imdb.com/title/tt18072316/?ref_=sr_t_25
725,thriller,tt19224314,https://www.imdb.com/title/tt19224314/?ref_=sr_t_26
726,thriller,tt13923084,https://www.imdb.com/title/tt13923084/?ref_=sr_t_27
727,thriller,tt12593682,https://www.imdb.com/title/tt12593682/?ref_=sr_t_28
728,thriller,tt23468450,https://www.imdb.com/title/tt23468450/?ref_=sr_t_29
729,thriller,tt15314262,https://www.imdb.com/title/tt15314262/?ref_=sr_t_30
730,thriller,tt27578157,https://www.imdb.com/title/tt27578157/?ref_=sr_t_31
731,thriller,tt17351924,https://www.imdb.com/title/tt17351924/?ref_=sr_t_32
732,thriller,tt9214772,https://www.imdb.com/title/tt9214772/?ref_=sr_t_33
733,thriller,tt23330554,https://www.imdb.com/title/tt23330554/?ref_=sr_t_34
734,thriller,tt0079501,https://www.imdb.com/title/tt0079501/?ref_=sr_t_35
735,thriller,tt0117998,https://www.imdb.com/title/tt0117998/?ref_=sr_t_36
736,thriller,tt1392170,https://www.imdb.com/title/tt1392170/?ref_=sr_t_37
737,thriller,tt0482606,https://www.imdb.com/title/tt0482606/?ref_=sr_t_38
738,thriller,tt18925334,https://www.imdb.com/title/tt18925334/?ref_=sr_t_39
739,thriller,tt0071315,https://www.imdb.com/title/tt0071315/?ref_=sr_t_40
740,thriller,tt15009428,https://www.imdb.com/title/tt15009428/?ref_=sr_t_41
741,thriller,tt0468569,https://www.imdb.com/title/tt0468569/?ref_=sr_t_42
742,thriller,tt13397574,https://www.imdb.com/title/tt13397574/?ref_=sr_t_43
743,thriller,tt14407336,https://www.imdb.com/title/tt14407336/?ref_=sr_t_44
744,thriller,tt0110413,https://www.imdb.com/title/tt0110413/?ref_=sr_t_45
745,thriller,tt1340094,https://www.imdb.com/title/tt1340094/?ref_=sr_t_46
746,thriller,tt0071517,https://www.imdb.com/title/tt0071517/?ref_=sr_t_47
747,thriller,tt1877830,https://www.imdb.com/title/tt1877830/?ref_=sr_t_48
748,thriller,tt0082694,https://www.imdb.com/title/tt0082694/?ref_=sr_t_49
749,thriller,tt0266697,https://www.imdb.com/title/tt0266697/?ref_=sr_t_50
750,war,tt5177120,https://www.imdb.com/title/tt5177120/?ref_=sr_t_1
751,war,tt10545296,https://www.imdb.com/title/tt10545296/?ref_=sr_t_2
752,war,tt27470893,https://www.imdb.com/title/tt27470893/?ref_=sr_t_3
753,war,tt7160372,https://www.imdb.com/title/tt7160372/?ref_=sr_t_4
754,war,tt0120815,https://www.imdb.com/title/tt0120815/?ref_=sr_t_5
755,war,tt0056197,https://www.imdb.com/title/tt0056197/?ref_=sr_t_6
756,war,tt4555426,https://www.imdb.com/title/tt4555426/?ref_=sr_t_7
757,war,tt1255953,https://www.imdb.com/title/tt1255953/?ref_=sr_t_8
758,war,tt8579674,https://www.imdb.com/title/tt8579674/?ref_=sr_t_9
759,war,tt0361748,https://www.imdb.com/title/tt0361748/?ref_=sr_t_10
760,war,tt0078788,https://www.imdb.com/title/tt0078788/?ref_=sr_t_11
761,war,tt4873118,https://www.imdb.com/title/tt4873118/?ref_=sr_t_12
762,war,tt0320661,https://www.imdb.com/title/tt0320661/?ref_=sr_t_13
763,war,tt13287846,https://www.imdb.com/title/tt13287846/?ref_=sr_t_14
764,war,tt2119532,https://www.imdb.com/title/tt2119532/?ref_=sr_t_15
765,war,tt5013056,https://www.imdb.com/title/tt5013056/?ref_=sr_t_16
766,war,tt14846026,https://www.imdb.com/title/tt14846026/?ref_=sr_t_17
767,war,tt0091251,https://www.imdb.com/title/tt0091251/?ref_=sr_t_18
768,war,tt0112573,https://www.imdb.com/title/tt0112573/?ref_=sr_t_19
769,war,tt3291150,https://www.imdb.com/title/tt3291150/?ref_=sr_t_20
770,war,tt0093058,https://www.imdb.com/title/tt0093058/?ref_=sr_t_21
771,war,tt2713180,https://www.imdb.com/title/tt2713180/?ref_=sr_t_22
772,war,tt0253474,https://www.imdb.com/title/tt0253474/?ref_=sr_t_23
773,war,tt0265086,https://www.imdb.com/title/tt0265086/?ref_=sr_t_24
774,war,tt0942385,https://www.imdb.com/title/tt0942385/?ref_=sr_t_25
775,war,tt2084970,https://www.imdb.com/title/tt2084970/?ref_=sr_t_26
776,war,tt0118799,https://www.imdb.com/title/tt0118799/?ref_=sr_t_27
777,war,tt0091763,https://www.imdb.com/title/tt0091763/?ref_=sr_t_28
778,war,tt0213847,https://www.imdb.com/title/tt0213847/?ref_=sr_t_29
779,war,tt0783233,https://www.imdb.com/title/tt0783233/?ref_=sr_t_30
780,war,tt0034583,https://www.imdb.com/title/tt0034583/?ref_=sr_t_31
781,war,tt19869662,https://www.imdb.com/title/tt19869662/?ref_=sr_t_32
782,war,tt1016150,https://www.imdb.com/title/tt1016150/?ref_=sr_t_33
783,war,tt2584384,https://www.imdb.com/title/tt2584384/?ref_=sr_t_34
784,war,tt0363163,https://www.imdb.com/title/tt0363163/?ref_=sr_t_35
785,war,tt0095327,https://www.imdb.com/title/tt0095327/?ref_=sr_t_36
786,war,tt7984766,https://www.imdb.com/title/tt7984766/?ref_=sr_t_37
787,war,tt0187393,https://www.imdb.com/title/tt0187393/?ref_=sr_t_38
788,war,tt0765010,https://www.imdb.com/title/tt0765010/?ref_=sr_t_39
789,war,tt0104691,https://www.imdb.com/title/tt0104691/?ref_=sr_t_40
790,war,tt14124080,https://www.imdb.com/title/tt14124080/?ref_=sr_t_41
791,war,tt0047860,https://www.imdb.com/title/tt0047860/?ref_=sr_t_42
792,war,tt0077416,https://www.imdb.com/title/tt0077416/?ref_=sr_t_43
793,war,tt0038733,https://www.imdb.com/title/tt0038733/?ref_=sr_t_44
794,war,tt0993840,https://www.imdb.com/title/tt0993840/?ref_=sr_t_45
795,war,tt0083131,https://www.imdb.com/title/tt0083131/?ref_=sr_t_46
796,war,tt0457430,https://www.imdb.com/title/tt0457430/?ref_=sr_t_47
797,war,tt2005151,https://www.imdb.com/title/tt2005151/?ref_=sr_t_48
798,war,tt0031381,https://www.imdb.com/title/tt0031381/?ref_=sr_t_49
799,war,tt0113720,https://www.imdb.com/title/tt0113720/?ref_=sr_t_50
800,western,tt17505010,https://www.imdb.com/title/tt17505010/?ref_=sr_t_1
801,western,tt22773644,https://www.imdb.com/title/tt22773644/?ref_=sr_t_2
802,western,tt5537002,https://www.imdb.com/title/tt5537002/?ref_=sr_t_3
803,western,tt2557490,https://www.imdb.com/title/tt2557490/?ref_=sr_t_4
804,western,tt1853728,https://www.imdb.com/title/tt1853728/?ref_=sr_t_5
805,western,tt0108358,https://www.imdb.com/title/tt0108358/?ref_=sr_t_6
806,western,tt0114214,https://www.imdb.com/title/tt0114214/?ref_=sr_t_7
807,western,tt1663202,https://www.imdb.com/title/tt1663202/?ref_=sr_t_8
808,western,tt0060196,https://www.imdb.com/title/tt0060196/?ref_=sr_t_9
809,western,tt3460252,https://www.imdb.com/title/tt3460252/?ref_=sr_t_10
810,western,tt0071230,https://www.imdb.com/title/tt0071230/?ref_=sr_t_11
811,western,tt0051411,https://www.imdb.com/title/tt0051411/?ref_=sr_t_12
812,western,tt2404435,https://www.imdb.com/title/tt2404435/?ref_=sr_t_13
813,western,tt1648190,https://www.imdb.com/title/tt1648190/?ref_=sr_t_14
814,western,tt2494362,https://www.imdb.com/title/tt2494362/?ref_=sr_t_15
815,western,tt0064116,https://www.imdb.com/title/tt0064116/?ref_=sr_t_16
816,western,tt0105695,https://www.imdb.com/title/tt0105695/?ref_=sr_t_17
817,western,tt2582782,https://www.imdb.com/title/tt2582782/?ref_=sr_t_18
818,western,tt0104691,https://www.imdb.com/title/tt0104691/?ref_=sr_t_19
819,western,tt0099348,https://www.imdb.com/title/tt0099348/?ref_=sr_t_20
820,western,tt5362988,https://www.imdb.com/title/tt5362988/?ref_=sr_t_21
821,western,tt1192628,https://www.imdb.com/title/tt1192628/?ref_=sr_t_22
822,western,tt11365186,https://www.imdb.com/title/tt11365186/?ref_=sr_t_23
823,western,tt0059243,https://www.imdb.com/title/tt0059243/?ref_=sr_t_24
824,western,tt1403865,https://www.imdb.com/title/tt1403865/?ref_=sr_t_25
825,western,tt0316356,https://www.imdb.com/title/tt0316356/?ref_=sr_t_26
826,western,tt0110322,https://www.imdb.com/title/tt0110322/?ref_=sr_t_27
827,western,tt12731980,https://www.imdb.com/title/tt12731980/?ref_=sr_t_28
828,western,tt6412452,https://www.imdb.com/title/tt6412452/?ref_=sr_t_29
829,western,tt0099088,https://www.imdb.com/title/tt0099088/?ref_=sr_t_30
830,western,tt5478478,https://www.imdb.com/title/tt5478478/?ref_=sr_t_31
831,western,tt10293406,https://www.imdb.com/title/tt10293406/?ref_=sr_t_32
832,western,tt0096487,https://www.imdb.com/title/tt0096487/?ref_=sr_t_33
833,western,tt0111756,https://www.imdb.com/title/tt0111756/?ref_=sr_t_34
834,western,tt0092086,https://www.imdb.com/title/tt0092086/?ref_=sr_t_35
835,western,tt2398231,https://www.imdb.com/title/tt2398231/?ref_=sr_t_36
836,western,tt0120746,https://www.imdb.com/title/tt0120746/?ref_=sr_t_37
837,western,tt1860242,https://www.imdb.com/title/tt1860242/?ref_=sr_t_38
838,western,tt0056217,https://www.imdb.com/title/tt0056217/?ref_=sr_t_39
839,western,tt0090022,https://www.imdb.com/title/tt0090022/?ref_=sr_t_40
840,western,tt0338188,https://www.imdb.com/title/tt0338188/?ref_=sr_t_41
841,western,tt27665778,https://www.imdb.com/title/tt27665778/?ref_=sr_t_42
842,western,tt0064115,https://www.imdb.com/title/tt0064115/?ref_=sr_t_43
843,western,tt0381849,https://www.imdb.com/title/tt0381849/?ref_=sr_t_44
844,western,tt0054047,https://www.imdb.com/title/tt0054047/?ref_=sr_t_45
845,western,tt0049233,https://www.imdb.com/title/tt0049233/?ref_=sr_t_46
846,western,tt0058461,https://www.imdb.com/title/tt0058461/?ref_=sr_t_47
847,western,tt0060862,https://www.imdb.com/title/tt0060862/?ref_=sr_t_48
848,western,tt0443680,https://www.imdb.com/title/tt0443680/?ref_=sr_t_49
849,western,tt0049730,https://www.imdb.com/title/tt0049730/?ref_=sr_t_50
850,sport,tt13964390,https://www.imdb.com/title/tt13964390/?ref_=sr_t_1
851,sport,tt16426418,https://www.imdb.com/title/tt16426418/?ref_=sr_t_2
852,sport,tt21064584,https://www.imdb.com/title/tt21064584/?ref_=sr_t_3
853,sport,tt27470893,https://www.imdb.com/title/tt27470893/?ref_=sr_t_4
854,sport,tt1856080,https://www.imdb.com/title/tt1856080/?ref_=sr_t_5
855,sport,tt3758542,https://www.imdb.com/title/tt3758542/?ref_=sr_t_6
856,sport,tt10720352,https://www.imdb.com/title/tt10720352/?ref_=sr_t_7
857,sport,tt16419074,https://www.imdb.com/title/tt16419074/?ref_=sr_t_8
858,sport,tt0398165,https://www.imdb.com/title/tt0398165/?ref_=sr_t_9
859,sport,tt1950186,https://www.imdb.com/title/tt1950186/?ref_=sr_t_10
860,sport,tt10869778,https://www.imdb.com/title/tt10869778/?ref_=sr_t_11
861,sport,tt0317219,https://www.imdb.com/title/tt0317219/?ref_=sr_t_12
862,sport,tt0433035,https://www.imdb.com/title/tt0433035/?ref_=sr_t_13
863,sport,tt5177114,https://www.imdb.com/title/tt5177114/?ref_=sr_t_14
864,sport,tt16227342,https://www.imdb.com/title/tt16227342/?ref_=sr_t_15
865,sport,tt0078902,https://www.imdb.com/title/tt0078902/?ref_=sr_t_16
866,sport,tt0108037,https://www.imdb.com/title/tt0108037/?ref_=sr_t_17
867,sport,tt4495098,https://www.imdb.com/title/tt4495098/?ref_=sr_t_18
868,sport,tt0087538,https://www.imdb.com/title/tt0087538/?ref_=sr_t_19
869,sport,tt0076723,https://www.imdb.com/title/tt0076723/?ref_=sr_t_20
870,sport,tt0120484,https://www.imdb.com/title/tt0120484/?ref_=sr_t_21
871,sport,tt30476486,https://www.imdb.com/title/tt30476486/?ref_=sr_t_22
872,sport,tt12572040,https://www.imdb.com/title/tt12572040/?ref_=sr_t_23
873,sport,tt1979320,https://www.imdb.com/title/tt1979320/?ref_=sr_t_24
874,sport,tt0116483,https://www.imdb.com/title/tt0116483/?ref_=sr_t_25
875,sport,tt0097351,https://www.imdb.com/title/tt0097351/?ref_=sr_t_26
876,sport,tt1210166,https://www.imdb.com/title/tt1210166/?ref_=sr_t_27
877,sport,tt1291584,https://www.imdb.com/title/tt1291584/?ref_=sr_t_28
878,sport,tt0080487,https://www.imdb.com/title/tt0080487/?ref_=sr_t_29
879,sport,tt0415306,https://www.imdb.com/title/tt0415306/?ref_=sr_t_30
880,sport,tt0116695,https://www.imdb.com/title/tt0116695/?ref_=sr_t_31
881,sport,tt0787475,https://www.imdb.com/title/tt0787475/?ref_=sr_t_32
882,sport,tt0104694,https://www.imdb.com/title/tt0104694/?ref_=sr_t_33
883,sport,tt0210945,https://www.imdb.com/title/tt0210945/?ref_=sr_t_34
884,sport,tt0204946,https://www.imdb.com/title/tt0204946/?ref_=sr_t_35
885,sport,tt11214558,https://www.imdb.com/title/tt11214558/?ref_=sr_t_36
886,sport,tt0071771,https://www.imdb.com/title/tt0071771/?ref_=sr_t_37
887,sport,tt0097815,https://www.imdb.com/title/tt0097815/?ref_=sr_t_38
888,sport,tt0082136,https://www.imdb.com/title/tt0082136/?ref_=sr_t_39
889,sport,tt0059243,https://www.imdb.com/title/tt0059243/?ref_=sr_t_40
890,sport,tt5113010,https://www.imdb.com/title/tt5113010/?ref_=sr_t_41
891,sport,tt0364725,https://www.imdb.com/title/tt0364725/?ref_=sr_t_42
892,sport,tt0974661,https://www.imdb.com/title/tt0974661/?ref_=sr_t_43
893,sport,tt1155076,https://www.imdb.com/title/tt1155076/?ref_=sr_t_44
894,sport,tt0075148,https://www.imdb.com/title/tt0075148/?ref_=sr_t_45
895,sport,tt7738330,https://www.imdb.com/title/tt7738330/?ref_=sr_t_46
896,sport,tt16427902,https://www.imdb.com/title/tt16427902/?ref_=sr_t_47
897,sport,tt1216475,https://www.imdb.com/title/tt1216475/?ref_=sr_t_48
898,sport,tt8652728,https://www.imdb.com/title/tt8652728/?ref_=sr_t_49
899,sport,tt0405159,https://www.imdb.com/title/tt0405159/?ref_=sr_t_50
900,sci-fi,tt12037194,https://www.imdb.com/title/tt12037194/?ref_=sr_t_1
901,sci-fi,tt23289160,https://www.imdb.com/title/tt23289160/?ref_=sr_t_2
902,sci-fi,tt15239678,https://www.imdb.com/title/tt15239678/?ref_=sr_t_3
903,sci-fi,tt11389872,https://www.imdb.com/title/tt11389872/?ref_=sr_t_4
904,sci-fi,tt6263850,https://www.imdb.com/title/tt6263850/?ref_=sr_t_5
905,sci-fi,tt1392190,https://www.imdb.com/title/tt1392190/?ref_=sr_t_6
906,sci-fi,tt14856980,https://www.imdb.com/title/tt14856980/?ref_=sr_t_7
907,sci-fi,tt14539740,https://www.imdb.com/title/tt14539740/?ref_=sr_t_8
908,sci-fi,tt18412256,https://www.imdb.com/title/tt18412256/?ref_=sr_t_9
909,sci-fi,tt16366836,https://www.imdb.com/title/tt16366836/?ref_=sr_t_10
910,sci-fi,tt1160419,https://www.imdb.com/title/tt1160419/?ref_=sr_t_11
911,sci-fi,tt14230458,https://www.imdb.com/title/tt14230458/?ref_=sr_t_12
912,sci-fi,tt10545296,https://www.imdb.com/title/tt10545296/?ref_=sr_t_13
913,sci-fi,tt13433802,https://www.imdb.com/title/tt13433802/?ref_=sr_t_14
914,sci-fi,tt11057302,https://www.imdb.com/title/tt11057302/?ref_=sr_t_15
915,sci-fi,tt18072316,https://www.imdb.com/title/tt18072316/?ref_=sr_t_16
916,sci-fi,tt7510222,https://www.imdb.com/title/tt7510222/?ref_=sr_t_17
917,sci-fi,tt21235248,https://www.imdb.com/title/tt21235248/?ref_=sr_t_18
918,sci-fi,tt0816692,https://www.imdb.com/title/tt0816692/?ref_=sr_t_19
919,sci-fi,tt0079501,https://www.imdb.com/title/tt0079501/?ref_=sr_t_20
920,sci-fi,tt1392170,https://www.imdb.com/title/tt1392170/?ref_=sr_t_21
921,sci-fi,tt1017460,https://www.imdb.com/title/tt1017460/?ref_=sr_t_22
922,sci-fi,tt10128846,https://www.imdb.com/title/tt10128846/?ref_=sr_t_23
923,sci-fi,tt14407336,https://www.imdb.com/title/tt14407336/?ref_=sr_t_24
924,sci-fi,tt0082694,https://www.imdb.com/title/tt0082694/?ref_=sr_t_25
925,sci-fi,tt0087182,https://www.imdb.com/title/tt0087182/?ref_=sr_t_26
926,sci-fi,tt0133093,https://www.imdb.com/title/tt0133093/?ref_=sr_t_27
927,sci-fi,tt1375666,https://www.imdb.com/title/tt1375666/?ref_=sr_t_28
928,sci-fi,tt4978420,https://www.imdb.com/title/tt4978420/?ref_=sr_t_29
929,sci-fi,tt9224104,https://www.imdb.com/title/tt9224104/?ref_=sr_t_30
930,sci-fi,tt3450958,https://www.imdb.com/title/tt3450958/?ref_=sr_t_31
931,sci-fi,tt0107290,https://www.imdb.com/title/tt0107290/?ref_=sr_t_32
932,sci-fi,tt0387808,https://www.imdb.com/title/tt0387808/?ref_=sr_t_33
933,sci-fi,tt0088763,https://www.imdb.com/title/tt0088763/?ref_=sr_t_34
934,sci-fi,tt14998742,https://www.imdb.com/title/tt14998742/?ref_=sr_t_35
935,sci-fi,tt0078748,https://www.imdb.com/title/tt0078748/?ref_=sr_t_36
936,sci-fi,tt9471678,https://www.imdb.com/title/tt9471678/?ref_=sr_t_37
937,sci-fi,tt9362722,https://www.imdb.com/title/tt9362722/?ref_=sr_t_38
938,sci-fi,tt1856101,https://www.imdb.com/title/tt1856101/?ref_=sr_t_39
939,sci-fi,tt1840309,https://www.imdb.com/title/tt1840309/?ref_=sr_t_40
940,sci-fi,tt0090305,https://www.imdb.com/title/tt0090305/?ref_=sr_t_41
941,sci-fi,tt10872600,https://www.imdb.com/title/tt10872600/?ref_=sr_t_42
942,sci-fi,tt6644200,https://www.imdb.com/title/tt6644200/?ref_=sr_t_43
943,sci-fi,tt0133152,https://www.imdb.com/title/tt0133152/?ref_=sr_t_44
944,sci-fi,tt5950044,https://www.imdb.com/title/tt5950044/?ref_=sr_t_45
945,sci-fi,tt2103281,https://www.imdb.com/title/tt2103281/?ref_=sr_t_46
946,sci-fi,tt0119116,https://www.imdb.com/title/tt0119116/?ref_=sr_t_47
947,sci-fi,tt4154796,https://www.imdb.com/title/tt4154796/?ref_=sr_t_48
948,sci-fi,tt0087332,https://www.imdb.com/title/tt0087332/?ref_=sr_t_49
949,sci-fi,tt1318514,https://www.imdb.com/title/tt1318514/?ref_=sr_t_50
950,game-show,tt0116481,https://www.imdb.com/title/tt0116481/?ref_=sr_t_1
951,game-show,tt30413143,https://www.imdb.com/title/tt30413143/?ref_=sr_t_2
952,game-show,tt26253246,https://www.imdb.com/title/tt26253246/?ref_=sr_t_3
953,game-show,tt18951988,https://www.imdb.com/title/tt18951988/?ref_=sr_t_4
954,game-show,tt0135269,https://www.imdb.com/title/tt0135269/?ref_=sr_t_5
955,game-show,tt29233132,https://www.imdb.com/title/tt29233132/?ref_=sr_t_6
956,game-show,tt3757660,https://www.imdb.com/title/tt3757660/?ref_=sr_t_7
957,game-show,tt25762168,https://www.imdb.com/title/tt25762168/?ref_=sr_t_8
958,game-show,tt27663764,https://www.imdb.com/title/tt27663764/?ref_=sr_t_9
959,game-show,tt21103266,https://www.imdb.com/title/tt21103266/?ref_=sr_t_10
960,game-show,tt30829565,https://www.imdb.com/title/tt30829565/?ref_=sr_t_11
961,game-show,tt19782334,https://www.imdb.com/title/tt19782334/?ref_=sr_t_12
962,game-show,tt18884646,https://www.imdb.com/title/tt18884646/?ref_=sr_t_13
963,game-show,tt11805352,https://www.imdb.com/title/tt11805352/?ref_=sr_t_14
964,game-show,tt30387771,https://www.imdb.com/title/tt30387771/?ref_=sr_t_15
965,game-show,tt12861980,https://www.imdb.com/title/tt12861980/?ref_=sr_t_16
966,game-show,tt13398398,https://www.imdb.com/title/tt13398398/?ref_=sr_t_17
967,game-show,tt3599688,https://www.imdb.com/title/tt3599688/?ref_=sr_t_18
968,game-show,tt4473300,https://www.imdb.com/title/tt4473300/?ref_=sr_t_19
969,game-show,tt5821852,https://www.imdb.com/title/tt5821852/?ref_=sr_t_20
970,game-show,tt30895148,https://www.imdb.com/title/tt30895148/?ref_=sr_t_21
971,game-show,tt30268285,https://www.imdb.com/title/tt30268285/?ref_=sr_t_22
972,game-show,tt18568152,https://www.imdb.com/title/tt18568152/?ref_=sr_t_23
973,game-show,tt13592272,https://www.imdb.com/title/tt13592272/?ref_=sr_t_24
974,game-show,tt27840525,https://www.imdb.com/title/tt27840525/?ref_=sr_t_25
975,game-show,tt11286102,https://www.imdb.com/title/tt11286102/?ref_=sr_t_26
976,game-show,tt12268466,https://www.imdb.com/title/tt12268466/?ref_=sr_t_27
977,game-show,tt10646406,https://www.imdb.com/title/tt10646406/?ref_=sr_t_28
978,game-show,tt13068730,https://www.imdb.com/title/tt13068730/?ref_=sr_t_29
979,game-show,tt14403150,https://www.imdb.com/title/tt14403150/?ref_=sr_t_30
980,game-show,tt3828854,https://www.imdb.com/title/tt3828854/?ref_=sr_t_31
981,film-noir,tt0043014,https://www.imdb.com/title/tt0043014/?ref_=sr_t_1
982,film-noir,tt0048424,https://www.imdb.com/title/tt0048424/?ref_=sr_t_2
983,film-noir,tt0041107,https://www.imdb.com/title/tt0041107/?ref_=sr_t_3
984,film-noir,tt0037008,https://www.imdb.com/title/tt0037008/?ref_=sr_t_4
985,film-noir,tt0037884,https://www.imdb.com/title/tt0037884/?ref_=sr_t_5
986,film-noir,tt0044357,https://www.imdb.com/title/tt0044357/?ref_=sr_t_6
987,film-noir,tt0041959,https://www.imdb.com/title/tt0041959/?ref_=sr_t_7
988,film-noir,tt0044079,https://www.imdb.com/title/tt0044079/?ref_=sr_t_8
989,film-noir,tt0039581,https://www.imdb.com/title/tt0039581/?ref_=sr_t_9
990,film-noir,tt0033870,https://www.imdb.com/title/tt0033870/?ref_=sr_t_10
991,film-noir,tt0036775,https://www.imdb.com/title/tt0036775/?ref_=sr_t_11
992,film-noir,tt0040525,https://www.imdb.com/title/tt0040525/?ref_=sr_t_12
993,film-noir,tt0036809,https://www.imdb.com/title/tt0036809/?ref_=sr_t_13
994,film-noir,tt0044331,https://www.imdb.com/title/tt0044331/?ref_=sr_t_14
995,film-noir,tt0033987,https://www.imdb.com/title/tt0033987/?ref_=sr_t_15
996,film-noir,tt0038559,https://www.imdb.com/title/tt0038559/?ref_=sr_t_16
997,film-noir,tt0038787,https://www.imdb.com/title/tt0038787/?ref_=sr_t_17
998,film-noir,tt0049406,https://www.imdb.com/title/tt0049406/?ref_=sr_t_18
999,film-noir,tt0043744,https://www.imdb.com/title/tt0043744/?ref_=sr_t_19
1000,film-noir,tt0052311,https://www.imdb.com/title/tt0052311/?ref_=sr_t_20
1001,film-noir,tt0038355,https://www.imdb.com/title/tt0038355/?ref_=sr_t_21
1002,film-noir,tt0034622,https://www.imdb.com/title/tt0034622/?ref_=sr_t_22
1003,film-noir,tt0042593,https://www.imdb.com/title/tt0042593/?ref_=sr_t_23
1004,film-noir,tt0042208,https://www.imdb.com/title/tt0042208/?ref_=sr_t_24
1005,film-noir,tt0033107,https://www.imdb.com/title/tt0033107/?ref_=sr_t_25
1006,film-noir,tt0046126,https://www.imdb.com/title/tt0046126/?ref_=sr_t_26
1007,film-noir,tt0036342,https://www.imdb.com/title/tt0036342/?ref_=sr_t_27
1008,film-noir,tt0039689,https://www.imdb.com/title/tt0039689/?ref_=sr_t_28
1009,film-noir,tt0038458,https://www.imdb.com/title/tt0038458/?ref_=sr_t_29
1010,film-noir,tt0037382,https://www.imdb.com/title/tt0037382/?ref_=sr_t_30
1011,film-noir,tt0038109,https://www.imdb.com/title/tt0038109/?ref_=sr_t_31
1012,film-noir,tt0051036,https://www.imdb.com/title/tt0051036/?ref_=sr_t_32
1013,film-noir,tt0033740,https://www.imdb.com/title/tt0033740/?ref_=sr_t_33
1014,film-noir,tt0045555,https://www.imdb.com/title/tt0045555/?ref_=sr_t_34
1015,film-noir,tt0023427,https://www.imdb.com/title/tt0023427/?ref_=sr_t_35
1016,film-noir,tt0037865,https://www.imdb.com/title/tt0037865/?ref_=sr_t_36
1017,film-noir,tt0040506,https://www.imdb.com/title/tt0040506/?ref_=sr_t_37
1018,film-noir,tt0037913,https://www.imdb.com/title/tt0037913/?ref_=sr_t_38
1019,film-noir,tt0043338,https://www.imdb.com/title/tt0043338/?ref_=sr_t_39
1020,film-noir,tt0038669,https://www.imdb.com/title/tt0038669/?ref_=sr_t_40
1021,film-noir,tt0051866,https://www.imdb.com/title/tt0051866/?ref_=sr_t_41
1022,film-noir,tt0048393,https://www.imdb.com/title/tt0048393/?ref_=sr_t_42
1023,film-noir,tt0042281,https://www.imdb.com/title/tt0042281/?ref_=sr_t_43
1024,film-noir,tt0049291,https://www.imdb.com/title/tt0049291/?ref_=sr_t_44
1025,film-noir,tt0038057,https://www.imdb.com/title/tt0038057/?ref_=sr_t_45
1026,film-noir,tt0034248,https://www.imdb.com/title/tt0034248/?ref_=sr_t_46
1027,film-noir,tt0044136,https://www.imdb.com/title/tt0044136/?ref_=sr_t_47
1028,film-noir,tt0048261,https://www.imdb.com/title/tt0048261/?ref_=sr_t_48
1029,film-noir,tt0051207,https://www.imdb.com/title/tt0051207/?ref_=sr_t_49
1030,film-noir,tt0049552,https://www.imdb.com/title/tt0049552/?ref_=sr_t_50
